station_id,station_code,station_name,sample_date,depth1,depth2,DOC_mg/L C,DOC_mg/l,Farge_mg Pt/l,NH4-N_µg/l,NO3+NO2-N_µg/l,NO3-N_µg/l,PO4-P_µg/l,POC_µg/l C,STS_mg/l,SiO2_mg/l,Si_mg/l,TOC_mg/l,TOTN_EF_usikker_µg/l,TOTN_µg/l,TOTP/F_µg/l P,TOTP_P_µg/l P,TOTP_µg/l,TSM_mg/l,UV-Abs. 254nm_Abs/cm,UV-Abs. 410nm_Abs/cm
40355,NUM1,Numedalslågen v/E18,1990-01-15 00:00:00,0,0,,,,,,194.0,15.5,,,,,,,381.0,,,33.0,11.2,,
40355,NUM1,Numedalslågen v/E18,1990-02-13 00:00:00,0,0,,,,,,410.0,11.0,,,,,,,644.0,,,19.0,12.6,,
40355,NUM1,Numedalslågen v/E18,1990-03-13 00:00:00,0,0,,,,,,200.0,6.0,,,,,,,363.0,,,12.0,5.9,,
40355,NUM1,Numedalslågen v/E18,1990-04-18 00:00:00,0,0,,,,,,215.0,3.5,,,,,,,363.0,,,9.0,4.1,,
40355,NUM1,Numedalslågen v/E18,1990-05-22 00:00:00,0,0,,,,,,147.0,1.5,,,,,,,305.0,,,7.0,1.7,,
40355,NUM1,Numedalslågen v/E18,1990-06-12 00:00:00,0,0,,,,,,1.0,1.0,,,,,,,177.0,,,9.0,1.3,,
40355,NUM1,Numedalslågen v/E18,1990-07-12 00:00:00,0,0,,,,,,97.0,8.0,,,,,,,224.0,,,9.0,3.8,,
40355,NUM1,Numedalslågen v/E18,1990-08-10 00:00:00,0,0,,,,,,71.0,0.5,,,,,,,177.0,,,4.0,1.0,,
40355,NUM1,Numedalslågen v/E18,1990-09-11 00:00:00,0,0,,,,,,79.0,3.0,,,,,,,239.0,,,5.0,1.6,,
40355,NUM1,Numedalslågen v/E18,1990-10-16 00:00:00,0,0,,,,,,172.0,0.5,,,,,,,342.0,,,6.0,1.0,,
40355,NUM1,Numedalslågen v/E18,1990-11-07 00:00:00,0,0,,,,,,245.0,2.0,,,,,,,419.0,,,7.0,2.7,,
40355,NUM1,Numedalslågen v/E18,1990-12-11 00:00:00,0,0,,,,,,159.0,1.0,,,,,,,327.0,,,5.0,1.0,,
40355,NUM1,Numedalslågen v/E18,1991-01-22 00:00:00,0,0,,,,,,240.0,3.0,,,,,,,389.0,,,8.0,2.45,,
40355,NUM1,Numedalslågen v/E18,1991-02-12 00:00:00,0,0,,,,,,105.0,2.0,,,,,,,218.0,,,3.0,1.43,,
40355,NUM1,Numedalslågen v/E18,1991-03-14 00:00:00,0,0,,,,,,285.0,4.0,,,,,,,462.0,,,9.0,3.1,,
40355,NUM1,Numedalslågen v/E18,1991-04-16 00:00:00,0,0,,,,,,173.0,9.0,,,,,,,350.0,,,14.0,8.24,,
40355,NUM1,Numedalslågen v/E18,1991-05-14 00:00:00,0,0,,,,,,86.0,2.0,,,,,,,234.0,,,7.0,2.69,,
40355,NUM1,Numedalslågen v/E18,1991-06-17 00:00:00,0,0,,,,,,71.0,1.0,,,,,,,192.0,,,6.0,2.28,,
40355,NUM1,Numedalslågen v/E18,1991-07-10 00:00:00,0,0,,,,,,65.0,2.0,,,,,,,186.0,,,4.0,1.31,,
40355,NUM1,Numedalslågen v/E18,1991-08-14 00:00:00,0,0,,,,,,240.0,2.0,,,,,,,416.0,,,5.0,2.13,,
40355,NUM1,Numedalslågen v/E18,1991-09-18 00:00:00,0,0,,,,,,115.0,2.0,,,,,2.0,,297.0,,,4.0,0.31,,
40355,NUM1,Numedalslågen v/E18,1991-10-17 00:00:00,0,0,,,,,,600.0,10.0,,,,,4.29,,855.0,,,20.0,8.74,,
40355,NUM1,Numedalslågen v/E18,1991-11-14 00:00:00,0,0,,,,,,640.0,21.0,,,,,,,884.0,,,39.0,20.6,,
40355,NUM1,Numedalslågen v/E18,1991-12-17 00:00:00,0,0,,,,,,295.0,3.0,,,,,,,497.0,,,6.0,0.96,,
40355,NUM1,Numedalslågen v/E18,1992-01-15 00:00:00,0,0,,,,20.0,,240.0,1.0,,,,,,,384.0,,,6.0,1.65,,
40355,NUM1,Numedalslågen v/E18,1992-02-11 00:00:00,0,0,,,,74.0,,220.0,9.0,,,,,,,401.0,,,17.0,4.91,,
40355,NUM1,Numedalslågen v/E18,1992-03-15 00:00:00,0,0,,,,59.0,,535.0,4.0,,,,,,,714.0,,,10.0,3.75,,
40355,NUM1,Numedalslågen v/E18,1992-04-08 00:00:00,0,0,,,,44.0,,550.0,4.0,,,,,,,690.0,,,10.0,2.69,,
40355,NUM1,Numedalslågen v/E18,1992-05-18 00:00:00,0,0,,,,18.0,,116.0,5.0,,,,,,,258.0,,,12.0,5.54,,
40355,NUM1,Numedalslågen v/E18,1992-06-16 00:00:00,0,0,,,,33.0,,44.0,2.0,,,,,,,158.0,,,7.0,1.71,,
40355,NUM1,Numedalslågen v/E18,1992-07-16 00:00:00,0,0,,,,16.0,,300.0,2.0,,,,,,,325.0,,,5.0,1.06,,
40355,NUM1,Numedalslågen v/E18,1992-08-18 00:00:00,0,0,,,,14.0,,185.0,2.0,,,,,,,336.0,,,5.0,1.42,,
40355,NUM1,Numedalslågen v/E18,1992-09-15 00:00:00,0,0,,,,33.0,,285.0,0.5,,,,,,,485.0,,,9.0,3.63,,
40355,NUM1,Numedalslågen v/E18,1992-10-08 00:00:00,0,0,3.5,,,33.0,,121.0,2.0,,,,,4.3,,281.0,,,6.0,1.12,,
40355,NUM1,Numedalslågen v/E18,1992-11-09 00:00:00,0,0,,,,26.0,,460.0,2.0,,,,,,,655.0,,,7.0,1.71,,
40355,NUM1,Numedalslågen v/E18,1992-12-01 00:00:00,0,0,,,,37.0,,544.0,3.0,,,,,,,795.0,,,6.0,4.29,,
40355,NUM1,Numedalslågen v/E18,1993-01-15 00:00:00,0,0,,,,43.0,,275.0,8.0,,,,,,,440.0,,,15.0,5.66,,
40355,NUM1,Numedalslågen v/E18,1993-02-16 00:00:00,0,0,,,,38.0,,180.0,4.0,,,,,,,320.0,,,6.0,2.91,,
40355,NUM1,Numedalslågen v/E18,1993-03-17 00:00:00,0,0,,,,46.0,,320.0,18.0,,,,,,,510.0,,,28.0,16.7,,
40355,NUM1,Numedalslågen v/E18,1993-04-15 00:00:00,0,0,,,,18.0,,215.0,2.0,,,,,,,365.0,,,5.0,1.72,,
40355,NUM1,Numedalslågen v/E18,1993-05-21 00:00:00,0,0,,,,16.0,,155.0,2.0,,,,,,,315.0,,,7.0,1.19,,
40355,NUM1,Numedalslågen v/E18,1993-06-14 00:00:00,0,0,,,,11.0,,37.0,2.0,,,,,,,170.0,,,5.0,1.94,,
40355,NUM1,Numedalslågen v/E18,1993-07-15 00:00:00,0,0,,,,11.0,,67.0,2.0,,,,,,,205.0,,,7.0,2.62,,
40355,NUM1,Numedalslågen v/E18,1993-08-16 00:00:00,0,0,,,,10.0,,74.0,4.0,,,,,,,235.0,,,6.0,2.45,,
40355,NUM1,Numedalslågen v/E18,1993-09-15 00:00:00,0,0,,,,26.0,,117.0,2.0,,,,,,,285.0,,,4.0,1.16,,
40355,NUM1,Numedalslågen v/E18,1993-10-17 00:00:00,0,0,,,,20.0,,260.0,5.0,,,,,4.3,,545.0,,,8.0,2.47,,
40355,NUM1,Numedalslågen v/E18,1993-11-14 00:00:00,0,0,,,,36.0,,525.0,23.0,,,,,,,940.0,,,42.0,28.1,,
40355,NUM1,Numedalslågen v/E18,1993-12-05 00:00:00,0,0,,,,45.0,,305.0,7.0,,,,,,,510.0,,,17.0,9.98,,
40355,NUM1,Numedalslågen v/E18,1994-01-17 00:00:00,0,0,,,,43.0,,235.0,4.0,,,,,,,400.0,,,6.0,3.08,,
40355,NUM1,Numedalslågen v/E18,1994-02-17 00:00:00,0,0,,,,30.0,,140.0,3.0,,,,,,,335.0,,,4.0,1.79,,
40355,NUM1,Numedalslågen v/E18,1994-03-16 00:00:00,0,0,,,,50.0,,435.0,5.0,,,,,,,590.0,,,8.0,4.28,,
40355,NUM1,Numedalslågen v/E18,1994-04-17 00:00:00,0,0,,,,26.0,,730.0,7.0,,,,,,,790.0,,,14.0,10.8,,
40355,NUM1,Numedalslågen v/E18,1994-05-09 00:00:00,0,0,,,,9.0,,160.0,3.0,,,,,,,340.0,,,8.0,4.84,,
40355,NUM1,Numedalslågen v/E18,1994-06-07 00:00:00,0,0,,,,5.0,,109.0,3.0,,,,,,,230.0,,,9.0,3.1,,
40355,NUM1,Numedalslågen v/E18,1994-07-18 00:00:00,0,0,,,,9.0,,59.0,0.5,,,,,,,230.0,,,4.0,2.71,,
40355,NUM1,Numedalslågen v/E18,1994-08-18 00:00:00,0,0,,,,21.0,,99.0,2.0,,,,,,,355.0,,,9.0,3.28,,
40355,NUM1,Numedalslågen v/E18,1994-09-15 00:00:00,0,0,,,,13.0,,340.0,4.0,,,,,,,600.0,,,13.0,6.45,,
40355,NUM1,Numedalslågen v/E18,1994-10-17 00:00:00,0,0,,,,54.0,,185.0,2.0,,,,,,,405.0,,,5.0,4.12,,
40355,NUM1,Numedalslågen v/E18,1994-11-08 00:00:00,0,0,,,,34.0,,245.0,2.0,,,,,,,460.0,,,6.0,2.24,,
40355,NUM1,Numedalslågen v/E18,1994-12-07 00:00:00,0,0,,,,43.0,,265.0,2.0,,,,,,,435.0,,,6.0,2.19,,
40355,NUM1,Numedalslågen v/E18,1995-01-17 00:00:00,0,0,,,,42.0,,200.0,6.0,,,,,,,375.0,,,43.0,5.69,,
40355,NUM1,Numedalslågen v/E18,1995-02-14 00:00:00,0,0,,,,59.0,,235.0,6.0,,,2.7,,,,405.0,,,10.0,4.44,,
40355,NUM1,Numedalslågen v/E18,1995-03-14 00:00:00,0,0,,,,57.0,,250.0,5.0,,,2.7,,,,420.0,,,9.0,5.29,,
40355,NUM1,Numedalslågen v/E18,1995-04-10 00:00:00,0,0,,,,30.0,,355.0,6.0,,,3.3,,,,530.0,,,11.0,7.26,,
40355,NUM1,Numedalslågen v/E18,1995-05-15 00:00:00,0,0,,,,14.0,,156.0,1.0,,,2.6,,,,310.0,,,4.0,2.64,,
40355,NUM1,Numedalslågen v/E18,1995-06-12 00:00:00,0,0,,,,8.0,,146.0,4.0,,,2.6,,,,380.0,,,12.0,6.3,,
40355,NUM1,Numedalslågen v/E18,1995-07-15 00:00:00,0,0,,,,23.0,,114.0,2.0,,,1.6,,,,260.0,,,5.0,1.82,,
40355,NUM1,Numedalslågen v/E18,1995-08-15 00:00:00,0,0,,,,12.0,,88.0,0.5,,,1.1,,,,215.0,,,4.0,1.58,,
40355,NUM1,Numedalslågen v/E18,1995-09-18 00:00:00,0,0,,,,12.0,,160.0,3.0,,,2.8,,,,440.0,,,9.0,4.96,,
40355,NUM1,Numedalslågen v/E18,1995-10-16 00:00:00,0,0,,,,29.0,,190.0,2.0,,,2.6,,,,390.0,,,7.0,1.86,,
40355,NUM1,Numedalslågen v/E18,1995-11-16 00:00:00,0,0,,,,48.0,,155.0,3.0,,,2.5,,,,310.0,,,7.0,2.4,,
40355,NUM1,Numedalslågen v/E18,1995-12-07 00:00:00,0,0,,,,36.0,,122.0,5.0,,,2.2,,3.4,,275.0,,,8.0,4.5,,
40355,NUM1,Numedalslågen v/E18,1996-01-11 00:00:00,0,0,,,,48.0,,150.0,4.0,,,1.9,,,,310.0,,,6.0,2.58,,
40355,NUM1,Numedalslågen v/E18,1996-02-13 00:00:00,0,0,,,,37.0,,89.0,2.0,,,1.8,,,,210.0,,,4.0,1.6,,
40355,NUM1,Numedalslågen v/E18,1996-03-13 00:00:00,0,0,,,,50.0,,118.0,2.0,,,1.8,,,,265.0,,,6.0,1.65,,
40355,NUM1,Numedalslågen v/E18,1996-04-18 00:00:00,0,0,,,,38.0,,510.0,14.0,,,3.1,,,,710.0,,,24.0,19.3,,
40355,NUM1,Numedalslågen v/E18,1996-05-15 00:00:00,0,0,,,,8.0,,250.0,2.0,,,2.6,,,,475.0,,,13.0,4.41,,
40355,NUM1,Numedalslågen v/E18,1996-06-17 00:00:00,0,0,,,,7.0,,104.0,2.0,,,1.1,,,,300.0,,,12.0,1.52,,
40355,NUM1,Numedalslågen v/E18,1996-07-17 00:00:00,0,0,,,,9.0,,86.0,1.0,,,0.9,,,,275.0,,,4.0,1.69,,
40355,NUM1,Numedalslågen v/E18,1996-08-15 00:00:00,0,0,,,,18.0,,90.0,1.0,,,0.42,,,,255.0,,,5.0,1.9,,
40355,NUM1,Numedalslågen v/E18,1996-09-17 00:00:00,0,0,,,,30.0,,255.0,2.0,,,2.4,,,,495.0,,,6.0,1.36,,
40355,NUM1,Numedalslågen v/E18,1996-10-14 00:00:00,0,0,,,,47.0,,300.0,3.0,,,3.2,,,,550.0,,,8.0,1.73,,
40355,NUM1,Numedalslågen v/E18,1996-11-15 00:00:00,0,0,,,,47.0,,340.0,4.0,,,3.8,,,,565.0,,,13.0,2.99,,
40355,NUM1,Numedalslågen v/E18,1996-12-10 00:00:00,0,0,,,,64.0,,715.0,8.0,,,5.0,,3.4,,965.0,,,16.0,6.43,,
40355,NUM1,Numedalslågen v/E18,1997-01-15 00:00:00,0,0,,,,100.0,,250.0,3.0,,,3.4,,,,480.0,,,5.0,1.78,,
40355,NUM1,Numedalslågen v/E18,1997-02-17 00:00:00,0,0,,,,92.0,,325.0,6.0,,,3.6,,,,550.0,,,10.0,5.1,,
40355,NUM1,Numedalslågen v/E18,1997-03-17 00:00:00,0,0,,,,39.0,,295.0,4.0,,,3.4,,,,470.0,,,9.0,4.03,,
40355,NUM1,Numedalslågen v/E18,1997-04-18 00:00:00,0,0,,,,27.0,,155.0,2.0,,,2.6,,,,325.0,,,6.0,2.37,,
40355,NUM1,Numedalslågen v/E18,1997-05-16 00:00:00,0,0,,,,22.0,,127.0,4.0,,,2.5,,,,310.0,,,10.0,5.16,,
40355,NUM1,Numedalslågen v/E18,1997-06-15 00:00:00,0,0,,,,12.0,,47.0,1.0,,,1.5,,,,215.0,,,5.0,2.12,,
40355,NUM1,Numedalslågen v/E18,1997-07-16 00:00:00,0,0,,,,14.0,,84.0,2.0,,,2.0,,,,255.0,,,7.0,2.32,,
40355,NUM1,Numedalslågen v/E18,1997-08-18 00:00:00,0,0,,,,19.0,,89.0,1.0,,,1.3,,,,230.0,,,5.0,2.07,,
40355,NUM1,Numedalslågen v/E18,1997-09-17 00:00:00,0,0,,,,40.0,,180.0,2.0,,,2.6,,,,425.0,,,7.0,1.77,,
40355,NUM1,Numedalslågen v/E18,1997-10-15 00:00:00,0,0,,,,23.0,,215.0,2.0,,,3.1,,3.4,,445.0,,,7.0,1.92,,
40355,NUM1,Numedalslågen v/E18,1997-11-16 00:00:00,0,0,,,,23.0,,415.0,4.0,,,3.8,,,,615.0,,,11.0,4.46,,
40355,NUM1,Numedalslågen v/E18,1997-12-12 00:00:00,0,0,,,,36.0,,560.0,16.0,,,4.3,,,,800.0,,,29.0,19.82,,
40355,NUM1,Numedalslågen v/E18,1998-01-20 00:00:00,0,0,,,,31.0,,485.0,6.0,,,4.1,,,,700.0,,,11.0,3.42,,
40355,NUM1,Numedalslågen v/E18,1998-02-19 00:00:00,0,0,,,,42.0,,275.0,4.0,,,3.0,,,,440.0,,,7.0,2.86,,
40355,NUM1,Numedalslågen v/E18,1998-03-18 00:00:00,0,0,,,,49.0,,220.0,3.0,,,2.7,,,,385.0,,,7.0,2.66,,
40355,NUM1,Numedalslågen v/E18,1998-04-15 00:00:00,0,0,,,,48.0,,425.0,6.0,,,3.2,,3.4,,590.0,,,13.0,6.38,,
40355,NUM1,Numedalslågen v/E18,1998-05-19 00:00:00,0,0,,,,8.0,,99.0,3.0,,,2.1,,,,270.0,,,10.0,4.51,,
40355,NUM1,Numedalslågen v/E18,1998-06-23 00:00:00,0,0,,,,16.0,,86.0,11.0,,,1.8,,,,310.0,,,21.0,5.65,,
40355,NUM1,Numedalslågen v/E18,1998-07-15 00:00:00,0,0,,,,11.0,,105.0,2.0,,,2.1,,,,285.0,,,6.0,2.53,,
40355,NUM1,Numedalslågen v/E18,1998-08-17 00:00:00,0,0,,,,31.0,,155.0,1.0,,,1.9,,,,350.0,,,7.0,7.04,,
40355,NUM1,Numedalslågen v/E18,1998-09-17 00:00:00,0,0,,,,10.0,,165.0,4.0,,,3.5,,,,475.0,,,14.0,8.33,,
40355,NUM1,Numedalslågen v/E18,1998-10-19 00:00:00,0,0,,,,22.0,,170.0,2.0,,,2.8,,,,345.0,,,7.0,2.0,,
40355,NUM1,Numedalslågen v/E18,1998-11-12 00:00:00,0,0,,,,47.0,,400.0,5.0,,,4.0,,,,650.0,,,13.0,4.37,,
40355,NUM1,Numedalslågen v/E18,1998-12-08 00:00:00,0,0,,,,61.0,,275.0,3.0,,,3.7,,,,470.0,,,7.0,1.95,,
40355,NUM1,Numedalslågen v/E18,1999-02-09 00:00:00,0,0,,,,45.0,,341.0,2.1,,,2.9950977392,,2.31,,396.0,,,,0.7,,
40355,NUM1,Numedalslågen v/E18,1999-02-23 00:00:00,0,0,,,,49.0,,146.0,1.9,,,2.5672266336,,1.82,,240.0,,,,1.8,,
40355,NUM1,Numedalslågen v/E18,1999-03-16 00:00:00,0,0,,,,37.0,,149.0,1.42,,,2.3532910808,,2.1,,282.0,,,,0.9,,
40355,NUM1,Numedalslågen v/E18,1999-04-29 00:00:00,0,0,,,,36.0,,221.0,3.2,,,2.9950977392,,4.75,,364.0,,,,11.5,,
40355,NUM1,Numedalslågen v/E18,1999-05-25 00:00:00,0,0,,,,5.0,,114.0,2.4,,,2.5672266336,,4.14,,285.0,,,,3.55,,
40355,NUM1,Numedalslågen v/E18,1999-06-29 00:00:00,0,0,,,,16.0,,189.0,2.4,,,3.209033292,,5.31,,420.0,,,,21.0,,
40355,NUM1,Numedalslågen v/E18,1999-07-26 00:00:00,0,0,,,,12.0,,101.0,0.98,,,1.989600641,,3.35,,243.0,,,,0.9,,
40355,NUM1,Numedalslågen v/E18,1999-08-30 00:00:00,0,0,,,,24.0,,157.0,1.27,,,1.604516646,,2.42,,321.0,,,,1.0,,
40355,NUM1,Numedalslågen v/E18,1999-09-28 00:00:00,0,0,,,,16.0,,437.0,26.0,,,4.0647755032,,7.62,,832.0,,,,19.8,,
40355,NUM1,Numedalslågen v/E18,1999-10-26 00:00:00,0,0,,,,45.0,,399.0,12.9,,,4.9205177144,,4.21,,760.0,,,,10.0,,
40355,NUM1,Numedalslågen v/E18,1999-11-30 00:00:00,0,0,,,,37.0,,263.0,17.0,,,3.6369043976,,4.28,,528.0,,,,4.2,,
40355,NUM1,Numedalslågen v/E18,1999-12-16 00:00:00,0,0,,,,44.0,,164.0,1.56,,,3.209033292,,2.76,,351.0,,,,1.3,,
40355,NUM1,Numedalslågen v/E18,2000-01-26 00:00:00,0,0,,,,42.0,,165.0,2.7,,,3.4229688448,,2.41,,276.0,,,,1.5,,
40355,NUM1,Numedalslågen v/E18,2000-02-23 00:00:00,0,0,,,,31.0,,160.0,1.8,,,3.209033292,,2.09,,265.0,,,,1.6,,
40355,NUM1,Numedalslågen v/E18,2000-03-30 00:00:00,0,0,,,,28.0,,198.0,2.9,,,2.139355528,,2.45,,321.0,,,,1.9,,
40355,NUM1,Numedalslågen v/E18,2000-04-27 00:00:00,0,0,,,,14.0,,186.0,4.4,,,4.278711056,,5.29,,385.0,,,,4.9,,
40355,NUM1,Numedalslågen v/E18,2000-05-30 00:00:00,0,0,,,,36.0,,655.0,14.0,,,4.7065821616,,4.6,,918.0,,,,16.3,,
40355,NUM1,Numedalslågen v/E18,2000-06-28 00:00:00,0,0,,,,20.0,,77.0,3.0,,,2.3532910808,,2.3,,80.0,,,,1.4,,
40355,NUM1,Numedalslågen v/E18,2000-07-18 00:00:00,0,0,,,,22.0,,111.0,3.0,,,2.7811621864,,4.2,,248.0,,,,2.4,,
40355,NUM1,Numedalslågen v/E18,2000-08-30 00:00:00,0,0,,,,26.0,,189.0,3.0,,,4.0647755032,,5.4,,788.0,,,,6.4,,
40355,NUM1,Numedalslågen v/E18,2000-09-26 00:00:00,0,0,,,,24.0,,154.0,4.0,,,2.9950977392,,3.2,,331.0,,,,2.0,,
40355,NUM1,Numedalslågen v/E18,2000-10-31 00:00:00,0,0,,,,27.0,,347.0,4.0,,,10.4828420872,,8.6,,742.0,,,,53.4,,
40355,NUM1,Numedalslågen v/E18,2000-11-30 00:00:00,0,0,,,,36.0,,303.0,10.0,,,5.34838882,,5.8,,511.0,,,,10.5,,
40355,NUM1,Numedalslågen v/E18,2000-12-17 00:00:00,0,0,,,,23.0,,272.0,3.0,,,5.1344532672,,5.3,,455.0,,,,7.0,,
40355,NUM1,Numedalslågen v/E18,2001-01-26 00:00:00,0,0,,,,38.0,,266.0,2.0,,,4.0647755032,,2.7,,347.0,,,,5.1,,
40355,NUM1,Numedalslågen v/E18,2001-02-22 00:00:00,0,0,,,,46.0,,198.0,1.0,,,3.8508399504,,2.0,,358.0,,,,2.6,,
40355,NUM1,Numedalslågen v/E18,2001-03-27 00:00:00,0,0,,,,40.0,,231.0,4.0,,,4.0647755032,,2.2,,380.0,,,,2.6,,
40355,NUM1,Numedalslågen v/E18,2001-04-26 00:00:00,0,0,,,,51.0,,539.0,8.0,,,7.487744348,,5.3,,876.0,,,,45.4,,
40355,NUM1,Numedalslågen v/E18,2001-05-29 00:00:00,0,0,,,,6.0,,86.0,2.0,,,3.209033292,,4.4,,242.0,,,,5.3,,
40355,NUM1,Numedalslågen v/E18,2001-06-24 00:00:00,0,0,,,,15.0,,79.0,1.0,,,2.9950977392,,3.0,,226.0,,,,2.4,,
40355,NUM1,Numedalslågen v/E18,2001-07-29 00:00:00,0,0,,,,17.0,,111.0,60.0,,,1.6473037566,,4.0,,259.0,,,,1.4,,
40355,NUM1,Numedalslågen v/E18,2001-08-26 00:00:00,0,0,,,,41.0,,104.0,4.0,,,1.5403359802,,4.6,,332.0,,,,1.6,,
40355,NUM1,Numedalslågen v/E18,2001-09-23 00:00:00,0,0,,,,7.0,,135.0,2.0,,,2.7811621864,,8.1,,343.0,,,,4.5,,
40355,NUM1,Numedalslågen v/E18,2001-10-28 00:00:00,0,0,,,,30.0,,309.0,4.0,,,5.34838882,,6.2,,504.0,,,,7.1,,
40355,NUM1,Numedalslågen v/E18,2001-11-22 00:00:00,0,0,,,,39.0,,133.0,3.0,,,3.209033292,,2.8,,239.0,,,,1.1,,
40355,NUM1,Numedalslågen v/E18,2001-12-17 00:00:00,0,0,,,,47.0,,207.0,4.0,,,3.6369043976,,3.6,,349.0,,,,1.8,,
40355,NUM1,Numedalslågen v/E18,2002-01-28 00:00:00,0,0,,,,44.0,,256.0,13.0,,,3.209033292,,2.8,,364.0,,,,1.6,,
40355,NUM1,Numedalslågen v/E18,2002-02-25 00:00:00,0,0,,,,56.0,,243.0,3.0,,,3.6369043976,,3.0,,437.0,,,,4.4,,
40355,NUM1,Numedalslågen v/E18,2002-03-18 00:00:00,0,0,,,,56.0,,250.0,3.0,,,2.3532910808,,2.4,,450.0,,,,2.8,,
40355,NUM1,Numedalslågen v/E18,2002-04-29 00:00:00,0,0,,,,8.0,,200.0,3.0,,,3.209033292,,5.4,,289.0,,,,6.2,,
40355,NUM1,Numedalslågen v/E18,2002-05-28 00:00:00,0,0,,,,19.0,,139.0,1.0,,,2.7811621864,,4.1,,311.0,,,,2.7,,
40355,NUM1,Numedalslågen v/E18,2002-06-30 00:00:00,0,0,,,,10.0,,77.0,2.0,,,2.0751748622,,2.6,,234.0,,,,1.7,,
40355,NUM1,Numedalslågen v/E18,2002-07-24 00:00:00,0,0,,,,14.0,,146.0,4.0,,,2.7811621864,,3.4,,314.0,,,,2.9,,
40355,NUM1,Numedalslågen v/E18,2002-08-27 00:00:00,0,0,,,,14.0,,85.0,2.0,,,1.7756650882,,2.6,,224.0,,,,1.4,,
40355,NUM1,Numedalslågen v/E18,2002-10-01 00:00:00,0,0,,,,13.0,,76.0,3.0,,,1.3264004274,,2.5,,229.0,,,,1.5,,
40355,NUM1,Numedalslågen v/E18,2002-10-30 00:00:00,0,0,,,,23.0,,553.0,12.0,,,4.278711056,,6.6,,812.0,,,,8.5,,
40355,NUM1,Numedalslågen v/E18,2002-11-26 00:00:00,0,0,,,,49.0,,241.0,10.0,,,3.4229688448,,3.3,,403.0,,,,4.6,,
40355,NUM1,Numedalslågen v/E18,2003-01-09 00:00:00,0,0,,,,58.0,,147.0,3.0,,,2.7811621864,,2.4,,220.0,,,,0.9,,
40355,NUM1,Numedalslågen v/E18,2003-01-27 00:00:00,0,0,,,,41.0,,770.0,2.0,,,5.34838882,,5.3,,1000.0,,,,7.2,,
40355,NUM1,Numedalslågen v/E18,2003-02-24 00:00:00,0,0,,,,72.0,,276.0,1.0,,,3.209033292,,2.9,,493.0,,,,2.9,,
40355,NUM1,Numedalslågen v/E18,2003-03-24 00:00:00,0,0,,,,49.0,,548.0,1.0,,,4.7065821616,,3.5,,731.0,,,,4.5,,
40355,NUM1,Numedalslågen v/E18,2003-04-28 00:00:00,0,0,,,,18.0,,457.0,1.0,,,4.4926466088,,6.3,,637.0,,,,16.1,,
40355,NUM1,Numedalslågen v/E18,2003-05-20 00:00:00,0,0,,,,16.0,,202.0,4.0,,,2.9950977392,,6.0,,346.0,,,,4.3,,
40355,NUM1,Numedalslågen v/E18,2003-06-23 00:00:00,0,0,,,,23.0,,119.0,1.0,,,2.3532910808,,4.0,,252.0,,,,1.4,,
40355,NUM1,Numedalslågen v/E18,2003-07-28 00:00:00,0,0,,,,22.0,,119.0,1.0,,,2.9950977392,,5.9,,298.0,,,,4.5,,
40355,NUM1,Numedalslågen v/E18,2003-08-20 00:00:00,0,0,,,,43.0,,139.0,3.0,,,1.9254199752,,3.7,,296.0,,,,0.8,,
40355,NUM1,Numedalslågen v/E18,2003-08-29 00:00:00,0,0,,,,22.0,,124.0,1.0,,,2.0109941963,,5.3,,283.0,,,,1.3,,
40355,NUM1,Numedalslågen v/E18,2003-10-26 00:00:00,0,0,,,,38.0,,105.0,1.0,,,2.3532910808,,2.8,,242.0,,,,1.3,,
40355,NUM1,Numedalslågen v/E18,2003-11-24 00:00:00,0,0,,,,38.0,,274.0,1.0,,,3.4229688448,,3.5,,411.0,,,,1.7,,
40355,NUM1,Numedalslågen v/E18,2003-12-22 00:00:00,0,0,,,,50.0,,208.0,1.0,,,2.9950977392,,3.2,,323.0,,,,12.0,,
40355,NUM1,Numedalslågen v/E18,2004-01-06 00:00:00,0,0,,,,59.0,,355.0,2.0,,,3.9364141715,,3.7,,555.0,,,6.0,3.24,,
40355,NUM1,Numedalslågen v/E18,2004-02-04 00:00:00,0,0,,,,58.0,,415.0,6.0,,,3.6582979529,,3.0,,595.0,,,11.0,5.11,,
40355,NUM1,Numedalslågen v/E18,2004-03-08 00:00:00,0,0,,,,44.0,,160.0,2.0,,,2.7597686311,,2.2,,315.0,,,4.0,1.62,,
40355,NUM1,Numedalslågen v/E18,2004-04-13 00:00:00,0,0,,,,33.0,,450.0,4.0,,,4.5568272746,,5.3,,640.0,,,10.0,6.3,,
40355,NUM1,Numedalslågen v/E18,2004-05-11 00:00:00,0,0,,,,15.0,,255.0,7.0,,,3.358788179,,5.0,,525.0,,,18.0,10.2,,
40355,NUM1,Numedalslågen v/E18,2004-06-08 00:00:00,0,0,,,,24.0,,120.0,2.0,,,2.7383750758,,3.8,,300.0,,,6.0,2.87,,
40355,NUM1,Numedalslågen v/E18,2004-07-06 00:00:00,0,0,,,,21.0,,125.0,2.0,,,2.4602588572,,3.8,,305.0,,,5.0,2.23,,
40355,NUM1,Numedalslågen v/E18,2004-08-03 00:00:00,0,0,,,,5.0,,100.0,1.0,,,2.0537813069,,3.4,,265.0,,,4.0,1.04,,
40355,NUM1,Numedalslågen v/E18,2004-09-07 00:00:00,0,0,,,,26.0,,180.0,3.0,,,3.3373946237,,7.9,,500.0,,,9.0,3.15,,
40355,NUM1,Numedalslågen v/E18,2004-10-08 00:00:00,0,0,,,,22.0,,315.0,6.0,,,4.3214981666,,7.1,,600.0,,,15.0,6.5,,
40355,NUM1,Numedalslågen v/E18,2004-11-09 00:00:00,0,0,,,,25.0,,220.0,3.0,,,4.0433819479,,4.6,,430.0,,,8.0,6.06,,
40355,NUM1,Numedalslågen v/E18,2004-12-07 00:00:00,0,0,,,,42.0,,250.0,4.0,,,3.6796915082,,3.4,,445.0,,,10.0,6.88,,
40355,NUM1,Numedalslågen v/E18,2005-01-04 00:00:00,0,0,,,,28.0,,400.0,4.0,,,4.3856788324,,3.7,,595.0,,,9.0,3.61,,
40355,NUM1,Numedalslågen v/E18,2005-02-08 00:00:00,0,0,,,,46.0,,175.0,2.0,,,2.9095235181,,2.5,,335.0,,,4.0,2.32,,
40355,NUM1,Numedalslågen v/E18,2005-03-08 00:00:00,0,0,,,,27.0,,105.0,2.0,,,2.4602588572,,2.0,,250.0,,,4.0,1.55,,
40355,NUM1,Numedalslågen v/E18,2005-04-11 00:00:00,0,0,,,,21.0,,370.0,4.0,,,4.5996143852,,4.1,,585.0,,,12.0,6.2,,
40355,NUM1,Numedalslågen v/E18,2005-05-10 00:00:00,0,0,,,,21.0,,120.0,2.0,,,2.5672266336,,3.4,,290.0,,,6.0,1.66,,
40355,NUM1,Numedalslågen v/E18,2005-06-07 00:00:00,0,0,,,,18.0,,225.0,3.0,,,3.0806719603,,3.9,,400.0,,,8.0,3.09,,
40355,NUM1,Numedalslågen v/E18,2005-07-04 00:00:00,0,0,,,,15.0,,75.0,1.0,,,2.3532910808,,3.1,,200.0,,,5.0,1.1,,
40355,NUM1,Numedalslågen v/E18,2005-08-09 00:00:00,0,0,,,,10.0,,84.0,1.0,,,2.4174717466,,3.1,,250.0,,,5.0,1.16,,
40355,NUM1,Numedalslågen v/E18,2005-09-06 00:00:00,0,0,,,,18.0,,105.0,1.0,,,2.06661744,,2.8,,230.0,,,6.0,1.3,,
40355,NUM1,Numedalslågen v/E18,2005-10-10 00:00:00,0,0,,,,31.0,,170.0,1.0,,,2.4602588572,,2.9,,310.0,,,6.0,1.44,,
40355,NUM1,Numedalslågen v/E18,2005-11-07 00:00:00,0,0,,,,16.0,,505.0,9.0,,,4.8563370486,,7.4,,725.0,,,25.0,12.0,,
40355,NUM1,Numedalslågen v/E18,2005-12-13 00:00:00,0,0,,,,23.0,,350.0,4.0,,,4.1717432796,,3.7,,495.0,,,10.0,2.67,,
40355,NUM1,Numedalslågen v/E18,2006-01-09 00:00:00,0,0,,,,36.0,,135.0,2.0,,,2.8025557417,,2.6,,280.0,,,6.0,1.45,,
40355,NUM1,Numedalslågen v/E18,2006-03-08 00:00:00,0,0,,,,30.0,,160.0,3.0,,,2.9095235181,,2.4,,280.0,,,6.0,3.97,,
40355,NUM1,Numedalslågen v/E18,2006-03-20 00:00:00,0,0,,,,43.0,,170.0,2.0,,,2.9309170734,,2.3,,305.0,,,5.0,1.17,,
40355,NUM1,Numedalslågen v/E18,2006-04-18 00:00:00,0,0,,,,29.0,,1150.0,17.0,,,6.1399503654,,4.2,,1400.0,,,26.0,18.4,,
40355,NUM1,Numedalslågen v/E18,2006-05-09 00:00:00,0,0,,,,7.0,,155.0,6.0,,,3.3373946237,,6.8,,360.0,,,13.0,7.61,,
40355,NUM1,Numedalslågen v/E18,2006-06-12 00:00:00,0,0,,,,27.0,,169.0,2.0,,,2.8667364075,,3.9,,355.0,,,7.0,1.7,,
40355,NUM1,Numedalslågen v/E18,2006-07-20 00:00:00,0,0,,,,20.0,,80.0,2.0,,,1.8462638207,,2.3,,230.0,,,4.0,1.03,,
40355,NUM1,Numedalslågen v/E18,2006-08-14 00:00:00,0,0,,,,25.0,,69.0,1.0,,,1.6087953571,,2.0,,250.0,,,5.0,8.49,,
40355,NUM1,Numedalslågen v/E18,2006-09-11 00:00:00,0,0,,,,20.0,,160.0,2.0,,,2.8667364075,,5.9,,390.0,,,7.0,2.34,,
40355,NUM1,Numedalslågen v/E18,2006-10-09 00:00:00,0,0,,,,19.0,,270.0,9.0,,,4.4926466088,,7.2,,650.0,,,18.0,9.88,,
40355,NUM1,Numedalslågen v/E18,2006-11-07 00:00:00,0,0,,,,25.0,,250.0,2.0,,,3.9364141715,,4.4,,475.0,,,6.0,2.18,,
40355,NUM1,Numedalslågen v/E18,2006-12-12 00:00:00,0,0,,,,9.0,,435.0,9.0,,,4.963304825,,5.2,,665.0,,,16.0,9.56,,
40355,NUM1,Numedalslågen v/E18,2007-01-09 00:00:00,0,0,,,,35.0,,430.0,22.0,,,5.198633933,,4.1,,685.0,,,32.0,12.2,,
40355,NUM1,Numedalslågen v/E18,2007-02-13 00:00:00,0,0,,,,37.0,,165.0,2.0,,,3.2732139578,,2.5,,320.0,,,5.0,1.03,,
40355,NUM1,Numedalslågen v/E18,2007-03-26 00:00:00,0,0,,,,39.0,,525.0,9.0,,,4.7707628274,,3.7,,765.0,,,13.0,8.87,,
40355,NUM1,Numedalslågen v/E18,2007-04-11 00:00:00,0,0,,,,17.0,,310.0,3.0,,,3.9364141715,,3.8,,485.0,,,7.0,8.05,,
40355,NUM1,Numedalslågen v/E18,2007-05-07 00:00:00,0,0,,,,10.0,,165.0,71.0,,,4.3642852771,,3.6,,410.0,,,85.0,200.0,,
40355,NUM1,Numedalslågen v/E18,2007-06-12 00:00:00,0,0,,,,13.0,,120.0,2.0,,,3.059278405,,3.5,,290.0,,,6.0,1.27,,
40355,NUM1,Numedalslågen v/E18,2007-07-06 00:00:00,0,0,,,,27.0,,130.0,66.0,,,4.3428917218,,8.1,,440.0,,,86.0,83.2,,
40355,NUM1,Numedalslågen v/E18,2007-07-06 09:00:00,0,0,,,,22.0,,115.0,76.0,,,4.5782208299,,8.1,,455.0,,,167.0,151.0,,
40355,NUM1,Numedalslågen v/E18,2007-07-11 00:00:00,0,0,,,,10.0,,125.0,35.0,,,4.1717432796,,6.7,,360.0,,,46.0,38.5,,
40355,NUM1,Numedalslågen v/E18,2007-08-07 00:00:00,0,0,,,,15.0,,225.0,2.0,,,3.1234590709,,3.1,,375.0,,,6.0,1.7,,
40355,NUM1,Numedalslågen v/E18,2007-09-11 00:00:00,0,0,,,,19.0,,125.0,2.0,,,2.7811621864,,2.5,,285.0,,,4.0,0.75,,
40355,NUM1,Numedalslågen v/E18,2007-10-09 00:00:00,0,0,,,,12.0,,175.0,2.0,,,2.9737041839,,4.0,,345.0,,,5.0,1.53,,
40355,NUM1,Numedalslågen v/E18,2007-11-06 00:00:00,0,0,,,,26.0,,185.0,2.0,,,3.1448526262,,2.8,,365.0,,,6.0,1.86,,
40355,NUM1,Numedalslågen v/E18,2007-12-11 00:00:00,0,0,,,,5.0,,390.0,5.0,,,4.3001046113,,4.3,,620.0,,,10.0,4.08,,
40355,NUM1,Numedalslågen v/E18,2008-01-10 00:00:00,0,0,,,,120.0,,645.0,9.0,,,4.2359239454,,3.3,,895.0,,,15.0,12.4,,
40355,NUM1,Numedalslågen v/E18,2008-02-12 00:00:00,0,0,,,,16.0,,325.0,6.0,,,3.893627061,,2.8,,465.0,,,10.0,5.18,,
40355,NUM1,Numedalslågen v/E18,2008-03-04 00:00:00,0,0,,,,21.0,,355.0,6.0,,,4.5354337194,,3.6,,540.0,,,12.0,5.74,,
40355,NUM1,Numedalslågen v/E18,2008-04-09 00:00:00,0,0,,,,28.0,,515.0,8.0,,,5.1772403778,,4.6,,740.0,,,16.0,8.49,,
40355,NUM1,Numedalslågen v/E18,2008-05-06 00:00:00,0,0,,,,7.0,,125.0,6.0,,,3.0806719603,,4.9,,305.0,,,11.0,14.9,,
40355,NUM1,Numedalslågen v/E18,2008-06-04 00:00:00,0,0,,,,11.0,,86.0,2.0,,,2.6955879653,,3.5,,250.0,,,7.0,4.06,,
40355,NUM1,Numedalslågen v/E18,2008-07-02 00:00:00,0,0,,,,14.0,,73.0,2.0,,,2.3746846361,,2.0,,200.0,,,6.0,1.54,,
40355,NUM1,Numedalslågen v/E18,2008-08-06 00:00:00,0,0,,,,16.0,,64.0,2.0,,,2.2463233044,,3.2,,235.0,,,7.0,2.89,,
40355,NUM1,Numedalslågen v/E18,2008-09-04 00:00:00,0,0,,,,19.0,,125.0,5.0,,,2.7811621864,,3.2,,315.0,,,11.0,4.75,,
40355,NUM1,Numedalslågen v/E18,2008-10-08 00:00:00,0,0,,,,15.0,,205.0,3.0,,,3.8722335057,,6.1,,450.0,,,11.0,3.95,,
40355,NUM1,Numedalslågen v/E18,2008-11-06 00:00:00,0,0,,,,34.0,,150.0,2.0,,,3.2304268473,,2.9,,330.0,,,7.0,1.75,,
40355,NUM1,Numedalslågen v/E18,2008-12-03 00:00:00,0,0,,,,36.0,,220.0,3.0,,,3.594117287,,2.8,,390.0,,,12.0,1.97,,
40355,NUM1,Numedalslågen v/E18,2009-01-12 00:00:00,0,0,,,,41.0,,140.0,2.0,,,2.823949297,,2.1,,335.0,,,12.0,2.58,,
40355,NUM1,Numedalslågen v/E18,2009-02-02 00:00:00,0,0,,,,42.0,,195.0,2.0,,,3.0164912945,,2.1,,370.0,,,5.0,0.95,,
40355,NUM1,Numedalslågen v/E18,2009-03-03 00:00:00,0,0,,,,88.0,,410.0,2.0,,,4.0219883926,,2.0,,640.0,,,9.0,3.95,,
40355,NUM1,Numedalslågen v/E18,2009-04-02 00:00:00,0,0,,,,46.0,,360.0,8.0,,,4.3642852771,,3.2,,630.0,,,15.0,13.3,,
40355,NUM1,Numedalslågen v/E18,2009-05-07 00:00:00,0,0,,,,19.0,,155.0,7.0,,,3.209033292,,3.9,,355.0,,,13.0,7.96,,
40355,NUM1,Numedalslågen v/E18,2009-06-02 00:00:00,0,0,,,,12.0,,110.0,1.0,,,2.8667364075,,4.0,,315.0,,,7.0,1.92,,
40355,NUM1,Numedalslågen v/E18,2009-07-07 00:00:00,0,0,,,,21.0,,65.0,1.0,,,2.2249297491,,2.1,,210.0,,,5.0,1.15,,
40355,NUM1,Numedalslågen v/E18,2009-08-11 00:00:00,0,0,,,,16.0,,110.0,2.0,,,3.2518204026,,6.9,,355.0,,,8.0,1.59,,
40355,NUM1,Numedalslågen v/E18,2009-09-07 00:00:00,0,0,,,,3.0,,165.0,4.0,,,3.8722335057,,8.4,,455.0,,,14.0,4.43,,
40355,NUM1,Numedalslågen v/E18,2009-10-06 00:00:00,0,0,,,,29.0,,140.0,1.0,,,3.1876397367,,3.4,,340.0,,,6.0,1.82,,
40355,NUM1,Numedalslågen v/E18,2009-11-04 00:00:00,0,0,,,,22.0,,335.0,17.0,,,5.1558468225,,5.8,,630.0,,,28.0,17.2,,
40355,NUM1,Numedalslågen v/E18,2009-12-07 00:00:00,0,0,,,,22.0,,315.0,20.0,,,5.0488790461,,4.6,,655.0,,,29.0,14.9,,
40355,NUM1,Numedalslågen v/E18,2010-01-07 00:00:00,0,0,,,,40.0,,200.0,2.0,,,3.2732139578,,2.5,,355.0,,,5.0,1.53,,
40355,NUM1,Numedalslågen v/E18,2010-02-04 00:00:00,0,0,,,,40.0,,220.0,1.0,,,2.9950977392,,2.1,,370.0,,,3.0,1.11,,
40355,NUM1,Numedalslågen v/E18,2010-03-04 00:00:00,0,0,,,,88.0,,280.0,16.0,,,3.7224786187,,2.2,,540.0,,,21.0,13.8,,
40355,NUM1,Numedalslågen v/E18,2010-04-07 00:00:00,0,0,,,,33.0,,715.0,9.0,,,5.5837179281,,4.4,,935.0,,,16.0,5.86,,
40355,NUM1,Numedalslågen v/E18,2010-05-06 00:00:00,0,0,,,,18.0,,185.0,2.0,,,3.4871495106,,6.0,,375.0,,,8.0,2.43,,
40355,NUM1,Numedalslågen v/E18,2010-06-02 00:00:00,0,0,,,,25.0,,175.0,1.0,,,3.2304268473,,4.7,,355.0,,,7.0,1.4,,
40355,NUM1,Numedalslågen v/E18,2010-07-06 00:00:00,0,0,,,,17.0,,74.0,4.0,,,2.4602588572,,3.1,,245.0,,,12.0,6.62,,
40355,NUM1,Numedalslågen v/E18,2010-08-04 00:00:00,0,0,,,,19.0,,69.0,5.0,,,2.289110415,,5.0,,250.0,,,11.0,3.35,,
40355,NUM1,Numedalslågen v/E18,2010-09-06 00:00:00,0,0,,,,22.0,,155.0,3.0,,,3.5299366212,,7.0,,375.0,,,8.0,1.85,,
40355,NUM1,Numedalslågen v/E18,2010-10-06 00:00:00,0,0,,,,9.0,,185.0,6.0,,,4.0861690585,,6.1,,470.0,,,13.0,6.24,,
40355,NUM1,Numedalslågen v/E18,2010-11-04 00:00:00,0,0,,,,22.0,,290.0,5.0,,,4.6210079405,,6.0,,560.0,,,12.0,4.4,,
40355,NUM1,Numedalslågen v/E18,2010-12-02 00:00:00,0,0,,,,37.0,,160.0,3.0,,,3.3373946237,,2.9,,340.0,,,8.0,2.11,,
40355,NUM1,Numedalslågen v/E18,2011-01-06 00:00:00,0,0,,,,69.0,,185.0,9.0,,,3.0806719603,,3.1,,615.0,,,13.0,5.45,,
40355,NUM1,Numedalslågen v/E18,2011-02-03 00:00:00,0,0,,,,54.0,,240.0,2.0,,,3.5513301765,,3.9,,515.0,,,7.0,8.27,,
40355,NUM1,Numedalslågen v/E18,2011-03-07 00:00:00,0,0,,,,51.0,,180.0,2.0,,,2.9950977392,,2.0,,340.0,,,5.0,1.02,,
40355,NUM1,Numedalslågen v/E18,2011-04-06 00:00:00,0,0,,,,29.0,,800.0,13.0,,,5.7976534809,,5.4,,1090.0,,,31.0,17.9,,
40355,NUM1,Numedalslågen v/E18,2011-05-09 00:00:00,0,0,,,,47.0,,225.0,5.0,,,3.0164912945,,3.1,,455.0,,,5.0,0.97,,
40355,NUM1,Numedalslågen v/E18,2011-06-07 00:00:00,0,0,,,,20.0,,130.0,2.0,,,2.8453428522,,4.5,,335.0,,,8.0,3.45,,
40355,NUM1,Numedalslågen v/E18,2011-07-05 00:00:00,0,0,,,,6.0,,115.0,2.0,,,3.1234590709,,5.93,,320.0,,,9.0,1.84,,
40355,NUM1,Numedalslågen v/E18,2011-08-03 00:00:00,0,0,,,,13.0,,105.0,3.0,,,3.1876397367,,5.1,,305.0,,,8.0,3.23,,
40355,NUM1,Numedalslågen v/E18,2011-09-05 00:00:00,0,0,,,,45.0,,195.0,5.0,,,4.0861690585,,6.2,,480.0,,,11.0,5.18,,
40355,NUM1,Numedalslågen v/E18,2011-10-05 00:00:00,0,0,,,,22.0,,175.0,2.0,,,3.5727237318,,4.2,,405.0,,,8.0,3.37,,
40355,NUM1,Numedalslågen v/E18,2011-11-03 00:00:00,0,0,,,,21.0,,195.0,2.0,,,3.7652657293,,4.5,,425.0,,,7.0,1.9,,
40355,NUM1,Numedalslågen v/E18,2011-12-06 00:00:00,0,0,,,,26.0,,270.0,5.0,,,4.3428917218,,4.0,,485.0,,,8.0,3.54,,
40355,NUM1,Numedalslågen v/E18,2012-01-04 00:00:00,0,0,,,,13.0,,360.0,27.0,,,4.7279757169,,4.2,,590.0,,,41.0,28.4,,
40355,NUM1,Numedalslågen v/E18,2012-02-06 00:00:00,0,0,,,,38.0,,295.0,6.0,,,3.4229688448,,2.4,,575.0,,,7.0,3.84,,
40355,NUM1,Numedalslågen v/E18,2012-03-05 00:00:00,0,0,,,,45.0,,320.0,27.0,,,4.5782208299,,3.4,,540.0,,,51.0,2.16,,
40355,NUM1,Numedalslågen v/E18,2012-04-02 00:00:00,0,0,,,,16.0,,160.0,4.0,,,3.4443624001,,3.9,,345.0,,,10.0,2.65,,
40355,NUM1,Numedalslågen v/E18,2012-05-07 00:00:00,0,0,,,,13.0,,150.0,4.0,,,3.1876397367,,3.7,,335.0,,,13.0,2.86,,
40355,NUM1,Numedalslågen v/E18,2012-06-06 00:00:00,0,0,,,,20.0,,110.0,1.0,,,2.6955879653,,2.8,,275.0,,,4.0,0.98,,
40355,NUM1,Numedalslågen v/E18,2012-07-04 00:00:00,0,0,,,,9.0,,130.0,3.0,,,2.9950977392,,3.9,,330.0,,,10.0,1.97,,
40355,NUM1,Numedalslågen v/E18,2012-08-07 00:00:00,0,0,,,,13.0,,105.0,9.0,,,3.0164912945,,4.5,,325.0,,,14.0,7.4,,
40355,NUM1,Numedalslågen v/E18,2012-09-05 00:00:00,0,0,,,,17.0,,77.0,2.0,,,2.6528008547,,3.7,,285.0,,,5.0,1.39,,
40355,NUM1,Numedalslågen v/E18,2012-10-04 00:00:00,0,0,,,,18.0,,205.0,18.0,,,4.4926466088,,7.4,,550.0,,,28.0,18.0,,
40355,NUM1,Numedalslågen v/E18,2012-11-07 00:00:00,0,0,,,,19.0,,285.0,6.0,,,4.4926466088,,5.3,,545.0,,,11.0,6.1,,
40355,NUM1,Numedalslågen v/E18,2012-12-06 00:00:00,0,0,,,,29.0,,180.0,2.0,,,3.6155108423,,3.3,,415.0,,,8.0,5.27,,
40355,NUM1,Numedalslågen v/E18,2013-01-03 10:25:00,0,0,3.8,,,46.0,,420.0,9.0,,,5.0916661566,,4.1,,660.0,,,14.0,2.37,,
40355,NUM1,Numedalslågen v/E18,2013-02-06 08:35:00,0,0,3.0,,,155.0,,225.0,28.0,,,3.743872174,,3.7,,1030.0,,,47.0,24.7,,
40355,NUM1,Numedalslågen v/E18,2013-03-06 08:40:00,0,0,1.9,,,86.0,,229.0,4.0,,,3.4015752895,,2.2,,495.0,,,9.0,2.72,,
40355,NUM1,Numedalslågen v/E18,2013-04-08 09:00:00,0,0,1.9,,,96.0,,295.0,5.0,,,3.4871495106,,2.0,,565.0,,,9.0,1.92,,
40355,NUM1,Numedalslågen v/E18,2013-05-06 00:00:00,0,0,5.3,,,,,,,,,,,,,,,,,,,
40355,NUM1,Numedalslågen v/E18,2013-05-06 09:45:00,0,0,,,,23.0,,230.0,5.0,,,3.9150206162,,5.7,,445.0,,,10.0,5.06,,
40355,NUM1,Numedalslågen v/E18,2013-05-24 12:10:00,0,0,,,,12.0,,270.0,18.0,,,3.743872174,,6.7,,490.0,,,26.0,17.5,,
40355,NUM1,Numedalslågen v/E18,2013-05-26 15:15:00,0,0,,,,10.0,,250.0,8.0,,,3.3160010684,,6.0,,470.0,,,15.0,7.57,,
40355,NUM1,Numedalslågen v/E18,2013-06-05 00:00:00,0,0,5.6,,,,,,,,,,,,,,,,,,,
40355,NUM1,Numedalslågen v/E18,2013-06-05 12:15:00,0,0,,,,6.0,,200.0,3.0,,,2.8881299628,,6.0,,450.0,,,9.0,3.09,,
40355,NUM1,Numedalslågen v/E18,2013-07-02 00:00:00,0,0,6.1,,,,,,,,,,,,,,,,,,,
40355,NUM1,Numedalslågen v/E18,2013-07-02 11:15:00,0,0,,,,8.0,,195.0,6.0,,,3.1448526262,,6.3,,430.0,,,9.0,4.78,,
40355,NUM1,Numedalslågen v/E18,2013-08-06 08:15:00,0,0,2.5,,,31.0,,140.0,2.0,,,2.2035361938,,2.7,,335.0,,,7.0,1.79,,
40355,NUM1,Numedalslågen v/E18,2013-09-04 11:30:00,0,0,2.5,,,16.0,,105.0,1.0,,,2.0366664627,,2.7,,270.0,,,2.0,1.06,,
40355,NUM1,Numedalslågen v/E18,2013-10-07 00:00:00,0,0,3.7,,,,,,,,,,,,,,,,,,,
40355,NUM1,Numedalslågen v/E18,2013-10-07 11:00:00,0,0,,,,28.0,,190.0,2.0,,,3.059278405,,3.8,,405.0,,,6.0,1.51,,
40355,NUM1,Numedalslågen v/E18,2013-11-06 00:00:00,0,0,6.4,,,,,,,,,,,,,,,,,,,
40355,NUM1,Numedalslågen v/E18,2013-11-06 11:00:00,0,0,,,,11.0,,244.0,5.0,,,4.128956169,,6.9,,505.0,,,15.0,4.39,,
40355,NUM1,Numedalslågen v/E18,2013-12-04 11:00:00,0,0,3.2,,,48.0,,200.0,10.0,,,3.3373946237,,3.3,,400.0,,,16.0,14.6,,
40355,NUM1,Numedalslågen v/E18,2014-01-06 12:00:00,0,0,,,,16.0,,370.0,21.0,,,5.1772403778,,5.3,,605.0,,,33.0,16.9,,
40355,NUM1,Numedalslågen v/E18,2014-02-05 11:30:00,0,0,,,,46.0,,400.0,5.0,,,4.4498594982,,2.9,,575.0,,,9.0,6.49,,
40355,NUM1,Numedalslågen v/E18,2014-03-05 11:00:00,0,0,,,,32.0,,435.0,6.0,,,4.663795051,,3.7,,655.0,,,13.0,6.11,,
40355,NUM1,Numedalslågen v/E18,2014-04-07 11:45:00,0,0,,,,22.0,,205.0,2.0,,,3.3373946237,,3.4,,375.0,,,4.0,1.8,,
40355,NUM1,Numedalslågen v/E18,2014-05-07 11:30:00,0,0,,,,19.0,,165.0,2.0,,,2.8667364075,,3.5,,350.0,,,6.0,1.98,,
40355,NUM1,Numedalslågen v/E18,2014-06-04 12:00:00,0,0,,,,17.0,,125.0,2.0,,,2.6314072994,,3.4,,275.0,,,5.0,1.39,,
40355,NUM1,Numedalslågen v/E18,2014-07-08 11:15:00,0,0,,,,25.0,,75.0,2.0,,,2.3105039702,,2.4,,245.0,,,6.0,1.88,,
40355,NUM1,Numedalslågen v/E18,2014-08-06 08:30:00,0,0,,,,35.0,,83.0,1.0,,,2.1607490833,,2.6,,260.0,,,3.0,0.94,,
40355,NUM1,Numedalslågen v/E18,2014-09-08 10:15:00,0,0,,,,30.0,,306.0,41.0,,,4.3001046113,,7.3,,735.0,,,55.0,19.1,,
40355,NUM1,Numedalslågen v/E18,2014-10-06 10:00:00,0,0,,,,31.0,,102.0,1.0,,,2.6528008547,,3.1,,310.0,,,5.0,1.54,,
40355,NUM1,Numedalslågen v/E18,2014-11-05 11:15:00,0,0,,,,16.0,,270.0,11.0,,,4.9419112697,,7.4,,545.0,,,19.0,8.53,,
40355,NUM1,Numedalslågen v/E18,2014-12-08 10:00:00,0,0,,,,40.0,,180.0,3.0,,,3.9150206162,,3.9,,380.0,,,6.0,2.16,,
40355,NUM1,Numedalslågen v/E18,2015-01-07 10:30:00,0,0,,,,50.0,,452.0,19.0,,,,2.3,2.8,,840.0,,,30.0,12.6,,
40355,NUM1,Numedalslågen v/E18,2015-02-09 10:00:00,0,0,,,,34.0,,218.0,2.0,,,,1.85,3.2,,415.0,,,6.0,6.28,,
40355,NUM1,Numedalslågen v/E18,2015-03-09 11:00:00,0,0,,,,24.0,,240.0,10.0,,,,1.96,3.0,,440.0,,,13.0,10.1,,
40355,NUM1,Numedalslågen v/E18,2015-04-07 10:00:00,0,0,,,,31.0,,290.0,3.0,,,,2.28,3.2,,500.0,,,7.0,2.61,,
40355,NUM1,Numedalslågen v/E18,2015-05-05 08:50:00,0,0,,,,25.0,,100.0,2.0,,,,1.44,3.3,,295.0,,,4.0,1.55,,
40355,NUM1,Numedalslågen v/E18,2015-06-08 09:00:00,0,0,,,,14.0,,230.0,4.0,,,,1.3,5.6,,470.0,,,10.0,3.98,,
40355,NUM1,Numedalslågen v/E18,2015-07-07 09:30:00,0,0,,,,29.0,,58.0,2.0,,,,1.14,2.6,,210.0,,,5.0,1.31,,
40355,NUM1,Numedalslågen v/E18,2015-08-05 10:00:00,0,0,,,,24.0,,95.0,3.0,,,,1.29,4.7,,320.0,,,8.0,2.78,,
40355,NUM1,Numedalslågen v/E18,2015-09-07 08:00:00,0,0,,,,15.0,,130.0,14.0,,,,1.63,8.3,,440.0,,,23.0,26.43,,
40355,NUM1,Numedalslågen v/E18,2015-10-05 09:50:00,0,0,,,,25.0,,150.0,2.0,,,,1.71,4.9,,400.0,,,7.0,2.78,,
40355,NUM1,Numedalslågen v/E18,2015-11-09 11:00:00,0,0,,,,31.0,,290.0,11.0,,,,2.16,5.1,,560.0,,,21.0,10.0,,
40355,NUM1,Numedalslågen v/E18,2015-12-07 10:00:00,0,0,,,,33.0,,260.0,7.0,,,,2.28,4.6,,525.0,,,12.0,5.2,,
40355,NUM1,Numedalslågen v/E18,2016-01-04 10:15:00,0,0,,,,31.0,,320.0,6.0,,,,2.28,4.1,,540.0,,,11.0,3.37,,
40355,NUM1,Numedalslågen v/E18,2016-02-01 13:10:00,0,0,,,,32.0,,340.0,6.0,,,,2.09,3.2,,545.0,,,9.0,2.82,,
40355,NUM1,Numedalslågen v/E18,2016-03-01 09:15:00,0,0,,,,41.0,,160.0,3.0,,,,1.51,2.2,,325.0,,,6.0,2.48,,
40355,NUM1,Numedalslågen v/E18,2016-04-04 09:45:00,0,0,,,,16.0,,210.0,5.0,,,,1.96,5.2,,420.0,,,9.0,3.88,,
40355,NUM1,Numedalslågen v/E18,2016-05-04 08:45:00,0,0,,,,28.0,,220.0,4.0,,,,1.9,4.0,,445.0,,,7.0,3.5,,
40355,NUM1,Numedalslågen v/E18,2016-06-06 10:15:00,0,0,,,,20.0,,85.0,4.0,,,,1.39,4.3,,305.0,,,11.0,3.96,,
40355,NUM1,Numedalslågen v/E18,2016-07-06 10:00:00,0,0,,,,17.0,,57.0,1.0,,,,1.2,3.7,,235.0,,,5.0,3.4,,
40355,NUM1,Numedalslågen v/E18,2016-08-02 09:00:00,0,0,,,,13.0,,61.0,2.0,,,,1.12,3.4,,250.0,,,5.0,1.45,,
40355,NUM1,Numedalslågen v/E18,2016-09-05 09:00:00,0,0,,,,44.0,,110.0,1.0,,,,1.32,4.2,,330.0,,,5.0,1.6,,
40355,NUM1,Numedalslågen v/E18,2016-10-05 10:00:00,0,0,,,,44.0,,96.0,1.0,,,,1.18,3.1,,295.0,,,4.0,1.07,,
40355,NUM1,Numedalslågen v/E18,2016-11-01 09:45:00,0,0,,,,29.0,,160.0,3.0,,,,1.73,5.3,,410.0,,,7.0,2.02,,
40355,NUM1,Numedalslågen v/E18,2016-12-05 10:00:00,0,0,,,,41.0,,150.0,2.0,,,,1.64,4.3,,395.0,,,5.0,1.47,,
40355,NUM1,Numedalslågen v/E18,2017-01-23 09:00:00,0,0,2.8,,,39.0,,200.0,2.0,,,,1.56,2.8,,350.0,2.0,,6.0,1.72,0.102628,0.009692
40355,NUM1,Numedalslågen v/E18,2017-02-06 10:30:00,0,0,,,,33.0,,140.0,4.0,,,,1.28,2.4,,280.0,,,7.0,3.09,0.086482,0.008158
40355,NUM1,Numedalslågen v/E18,2017-03-06 11:00:00,0,0,,,,39.0,,340.0,7.0,,,,1.92,3.2,,570.0,,,34.0,5.51,0.1175,0.010682
40355,NUM1,Numedalslågen v/E18,2017-04-03 08:30:00,0,0,5.1,,,23.0,,220.0,8.0,548.0,,,1.95,5.1,,450.0,3.0,,15.0,6.89,0.213916,0.021396
40355,NUM1,Numedalslågen v/E18,2017-05-02 11:00:00,0,0,4.4,,,59.0,,670.0,7.0,334.0,,,1.83,4.6,,785.0,5.0,,14.0,7.21,0.168644,0.01585
40355,NUM1,Numedalslågen v/E18,2017-06-06 13:00:00,0,0,3.4,,,30.0,,120.0,1.0,251.0,,,1.36,3.8,,290.0,3.0,,6.0,2.23,0.131474,0.012694
40355,NUM1,Numedalslågen v/E18,2017-07-03 10:15:00,0,0,3.2,,,12.0,,89.0,2.0,172.0,,,1.26,3.5,,255.0,5.0,,6.0,1.45,0.131942,0.012416
40355,NUM1,Numedalslågen v/E18,2017-08-07 11:00:00,0,0,3.1,,,27.0,,87.0,4.0,210.0,,,1.01,3.2,,350.0,1.0,,7.0,3.55,0.124124,0.011188
40355,NUM1,Numedalslågen v/E18,2017-09-05 14:30:00,0,0,3.2,,,37.0,,92.0,1.0,136.0,,,1.17,3.2,,255.0,3.0,,5.0,1.22,0.123342,0.011342
40355,NUM1,Numedalslågen v/E18,2017-10-02 12:15:00,0,0,7.0,,,2.0,,320.0,56.0,2200.0,,,2.12,7.2,580.0,,11.0,,76.0,26.06,0.278864,0.027688
40355,NUM1,Numedalslågen v/E18,2017-11-06 13:15:00,0,0,5.9,,,41.0,,240.0,6.0,412.0,,,2.01,5.9,490.0,,3.0,,12.0,2.01,0.235012,0.024296
40355,NUM1,Numedalslågen v/E18,2017-12-04 13:30:00,0,0,3.6,,,42.0,,210.0,8.0,215.0,,,1.76,3.6,,425.0,2.0,,10.0,10.3,0.143436,0.0140056
40355,NUM1,Numedalslågen v/E18,2018-01-02 09:45:00,0,0,3.4,,,22.0,,300.0,4.0,218.0,,,1.97,3.4,,535.0,3.0,,9.0,3.31,0.135048,0.013502
40355,NUM1,Numedalslågen v/E18,2018-02-06 10:00:00,0,0,2.8,,,72.0,,240.0,2.0,248.0,,,1.65,2.9,,515.0,2.0,,6.0,1.74,0.115872,0.011566
40355,NUM1,Numedalslågen v/E18,2018-03-05 10:00:00,0,0,2.3,,,80.0,,180.0,4.0,372.0,,,1.82,2.2,,465.0,2.0,,7.0,3.96,0.07761,0.007056
40355,NUM1,Numedalslågen v/E18,2018-04-03 09:00:00,0,0,2.1,,,74.0,,240.0,1.0,165.0,,,1.5,2.2,,465.0,,,5.0,1.46,0.076456,0.0064902
40355,NUM1,Numedalslågen v/E18,2018-05-02 10:00:00,0,0,5.4,,,14.0,,250.0,9.0,464.0,,,1.8,5.4,,495.0,2.0,,13.0,7.42,0.236628,0.024816
40355,NUM1,Numedalslågen v/E18,2018-06-04 09:20:00,0,0,3.2,,,33.0,,99.0,4.0,226.0,,,1.31,3.2,230.0,,3.0,,7.0,2.61,0.128398,0.012242
40355,NUM1,Numedalslågen v/E18,2018-07-02 09:45:00,0,0,2.0,,,20.0,,65.0,1.0,,,,1.0,2.1,180.0,,2.0,,4.0,1.2,0.079444,0.006896
40355,NUM1,Numedalslågen v/E18,2018-08-06 09:00:00,0,0,2.1,,,23.0,,53.0,6.0,150.0,,,0.888,2.2,160.0,,2.0,,6.0,1.2,0.07401,0.00665
40355,NUM1,Numedalslågen v/E18,2018-09-10 09:00:00,0,0,4.61,,,53.0,,270.0,16.0,1010.0,,,1.38,5.07,510.0,,5.0,,32.0,13.3,0.159986,0.01543
40355,NUM1,Numedalslågen v/E18,2018-10-01 08:45:00,0,0,5.5,,,58.0,,130.0,1.0,239.0,,,1.49,5.5,280.0,,2.0,,6.0,0.86,0.216242,0.021546
40355,NUM1,Numedalslågen v/E18,2018-11-05 11:00:00,0,0,4.1,,,53.0,,320.0,3.0,265.0,,,1.77,4.2,490.0,,3.0,,7.0,2.29,0.161244,0.014684
40355,NUM1,Numedalslågen v/E18,2018-12-03 09:30:00,0,0,5.2,,,14.0,,740.0,16.0,390.0,,,2.35,5.3,1100.0,,6.0,,22.0,10.8,0.204128,0.01929
40355,NUM1,Numedalslågen v/E18,2019-01-07 11:00:00,0,0,2.9,,,61.0,,250.0,10.0,471.0,,,1.66,3.0,380.0,,3.0,,14.0,4.93,0.107064,0.009566
40355,NUM1,Numedalslågen v/E18,2019-02-04 10:15:00,0,0,3.3,,,290.0,,620.0,4.0,711.0,,,2.1,3.4,860.0,,2.0,,10.0,4.37,0.112538,0.009268
40355,NUM1,Numedalslågen v/E18,2019-03-04 12:00:00,0,0,3.8,,,21.0,,470.0,5.0,231.0,,,1.94,3.7,660.0,,3.0,,9.0,3.21,0.147356,0.01392
40355,NUM1,Numedalslågen v/E18,2019-04-01 10:30:00,0,0,4.8,,,2.0,,460.0,10.0,500.0,,,1.94,4.8,630.0,,3.0,,15.0,8.32,0.185396,0.01806
40355,NUM1,Numedalslågen v/E18,2019-05-06 10:00:00,0,0,4.1,,,6.0,,130.0,2.0,312.0,,,1.43,4.2,280.0,,3.0,,7.0,3.79,0.185128,0.0184458
40355,NUM1,Numedalslågen v/E18,2019-06-03 09:30:00,0,0,4.1,,,20.0,,150.0,3.0,247.0,,,1.43,4.3,300.0,,2.0,,7.0,1.92,0.178214,0.017392
40355,NUM1,Numedalslågen v/E18,2019-07-01 11:30:00,0,0,3.6,,,22.0,,130.0,3.0,215.0,,,1.23,3.7,250.0,,2.0,,6.0,3.48,0.1436378,0.01341
40355,NUM1,Numedalslågen v/E18,2019-08-05 10:00:00,0,0,2.3,,,26.0,,58.0,3.0,163.0,,,1.03,2.3,170.0,,2.0,,6.0,1.59,0.078642,0.006648
40355,NUM1,Numedalslågen v/E18,2019-09-02 10:15:00,0,0,5.8,,,44.0,,200.0,3.0,323.0,,,1.37,5.6,390.0,,6.0,,10.0,2.08,0.22244,0.021772
40355,NUM1,Numedalslågen v/E18,2019-10-07 09:30:00,0,0,5.5,,,30.0,,260.0,4.0,218.0,,,1.71,5.6,530.0,,3.0,,9.0,2.8,0.2259,0.02247
40355,NUM1,Numedalslågen v/E18,2019-11-04 11:00:00,0,0,5.8,,,100.0,,370.0,5.0,219.0,,,2.07,6.0,630.0,,3.0,,10.0,2.97,0.24641,0.024944
40355,NUM1,Numedalslågen v/E18,2019-12-02 12:00:00,0,0,6.3,,,3.0,,600.0,14.0,575.0,,,2.51,6.6,870.0,,6.0,,22.0,8.12,0.256916,0.026808
40355,NUM1,Numedalslågen v/E18,2020-01-13 12:40:00,0,0,4.2,,,42.0,,210.0,2.0,241.0,,,1.73,4.3,400.0,,2.0,,7.0,3.8,0.16336,0.016022
40355,NUM1,Numedalslågen v/E18,2020-02-03 14:00:00,0,0,4.2,,,17.0,,280.0,10.0,493.0,,,1.97,4.3,460.0,,4.0,,11.0,6.58,0.175162,0.01783
40355,NUM1,Numedalslågen v/E18,2020-03-02 14:20:00,0,0,3.2,,,26.0,,340.0,8.0,380.0,,,1.88,3.4,530.0,,2.0,,11.0,4.31,0.1283578,0.012778
40355,NUM1,Numedalslågen v/E18,2020-04-13 11:45:00,0,0,3.7,,,14.0,,140.0,3.0,209.0,,,1.43,3.8,260.0,,2.0,,5.0,0.5,0.167016,0.017308
40355,NUM1,Numedalslågen v/E18,2020-05-04 09:20:00,0,0,4.6,,,9.0,,110.0,3.0,225.0,,,1.38,4.6,270.0,,2.0,,5.0,1.66,0.191648,0.019796
40355,NUM1,Numedalslågen v/E18,2020-06-02 07:45:00,0,0,4.1,,,2.0,,71.0,2.0,341.0,,,1.24,4.4,180.0,,3.0,,5.0,2.81,0.141292,0.013724
40355,NUM1,Numedalslågen v/E18,2020-07-06 13:00:00,0,0,4.6,,,2.0,,65.0,7.0,576.0,,,1.52,4.7,240.0,,5.0,,14.0,10.8,0.173868,0.0168018
40355,NUM1,Numedalslågen v/E18,2020-08-03 14:40:00,0,0,6.1,,,2.0,,48.0,5.0,498.0,,,1.3,6.2,270.0,,3.0,,12.0,3.58,0.243506,0.024346
40355,NUM1,Numedalslågen v/E18,2020-09-07 00:00:00,0,0,,2.5,,6.0,,74.0,1.0,356.0,,,1.12,2.8,200.0,,1.0,,4.0,1.48,0.090616,0.008032
40355,NUM1,Numedalslågen v/E18,2020-10-05 14:20:00,0,0,,9.2,,10.0,,330.0,44.0,2468.0,,,2.47,9.5,600.0,,10.0,,68.0,58.2,0.368098,0.035732
40355,NUM1,Numedalslågen v/E18,2020-11-02 11:30:00,0,0,6.7,,,5.0,,330.0,14.0,591.0,,,2.2,6.8,530.0,,5.0,,25.0,6.26,0.289232,0.029256
40355,NUM1,Numedalslågen v/E18,2020-12-07 12:15:00,0,0,3.7,,,43.0,,280.0,5.0,279.0,,,2.1,3.7,480.0,,4.0,,11.0,3.59,0.170254,0.016972
40355,NUM1,Numedalslågen v/E18,2021-01-20 10:30:00,0,0,3.1,,21.0,100.0,,210.0,4.0,389.0,2.4,3.57,1.66,3.4,440.0,,,6.5,8.0,3.25,0.1155,0.010938
40355,NUM1,Numedalslågen v/E18,2021-02-04 14:30:00,0,0,2.9,,5.0,97.0,,180.0,3.0,650.0,3.5,3.42,1.58,3.0,480.0,,,5.1,6.0,2.15,0.109646,0.010508
40355,NUM1,Numedalslågen v/E18,2021-03-01 15:00:00,0,0,3.8,,23.0,160.0,,280.0,6.0,956.0,5.4,4.07,1.92,4.6,840.0,,,8.5,11.0,6.61,0.145604,0.0136798
40355,NUM1,Numedalslågen v/E18,2021-04-06 10:30:00,0,0,5.1,,46.0,8.0,,270.0,4.0,351.0,4.6,3.92,1.93,5.1,420.0,,,4.8,8.0,4.56,0.2237,0.02289
40355,NUM1,Numedalslågen v/E18,2021-05-03 08:15:00,0,0,4.4,,32.0,4.0,,150.0,3.0,294.0,2.3,3.42,1.64,4.3,340.0,,,3.9,6.0,1.88,0.182324,0.018882
40355,NUM1,Numedalslågen v/E18,2021-06-07 08:45:00,0,0,4.0,,32.0,38.0,,180.0,3.0,217.0,2.5,2.91,1.42,3.9,310.0,,,4.9,6.0,2.28,0.151412,0.015096
40355,NUM1,Numedalslågen v/E18,2021-07-05 08:15:00,0,0,3.0,,20.0,20.0,,74.0,2.0,256.0,2.4,2.5,1.15,3.0,230.0,,,4.0,5.0,2.07,0.11829,0.011482
40355,NUM1,Numedalslågen v/E18,2021-08-02 07:30:00,0,0,7.5,,60.0,12.0,,68.0,3.0,283.0,4.0,2.71,1.22,7.7,280.0,,,7.2,10.0,2.49,0.321842,0.03234
40355,NUM1,Numedalslågen v/E18,2021-09-06 08:15:00,0,0,3.0,,20.0,22.0,,69.0,2.0,514.0,1.9,2.44,1.08,3.1,210.0,,,3.6,6.0,0.99,0.117196,0.01033
40355,NUM1,Numedalslågen v/E18,2021-10-04 13:00:00,0,0,8.9,,72.0,2.0,,370.0,32.0,1336.0,48.9,5.12,1.68,9.2,650.0,,,36.0,43.0,43.4,0.335056,0.033468
40355,NUM1,Numedalslågen v/E18,2021-11-01 09:15:00,0,0,6.4,,53.0,23.0,,540.0,24.0,1736.0,19.7,5.88,2.77,6.6,870.0,,,33.0,40.0,28.0,0.254198,0.025164
40355,NUM1,Numedalslågen v/E18,2021-12-06 09:30:00,0,0,3.6,,26.0,43.0,,120.0,2.0,190.0,4.0,3.87,1.69,3.6,330.0,,,3.5,5.0,1.34,0.1425018,0.01323
40355,NUM1,Numedalslågen v/E18,2022-01-09 16:00:00,0,0,2.8,,19.0,110.0,,250.0,3.0,1544.0,2.0,4.1,1.85,2.9,510.0,,,6.0,7.0,5.74,0.101678,0.009462
40355,NUM1,Numedalslågen v/E18,2022-02-07 10:00:00,0,0,2.5,,18.0,2.0,,260.0,2.0,165.0,1.6,3.61,1.72,2.6,410.0,,,3.0,5.0,2.06,0.097812,0.009018
40355,NUM1,Numedalslågen v/E18,2022-03-07 09:30:00,0,0,2.2,,15.0,32.0,,250.0,3.0,271.0,2.8,3.14,1.56,2.3,340.0,,,5.0,7.0,2.77,0.085692,0.00773
40355,NUM1,Numedalslågen v/E18,2022-04-04 10:00:00,0,0,4.0,,34.0,2.0,,350.0,3.0,185.0,3.9,4.43,2.09,4.2,400.0,,,5.0,6.0,1.7,0.175806,0.01803
40355,NUM1,Numedalslågen v/E18,2022-05-02 10:00:00,0,0,4.6,,38.0,53.0,,180.0,4.0,240.0,5.4,3.45,1.64,4.6,310.0,,,5.0,8.0,3.58,0.194468,0.020964
40355,NUM1,Numedalslågen v/E18,2022-06-07 09:30:00,0,0,3.0,,20.0,17.0,,62.0,2.0,261.0,1.5,2.86,1.34,3.1,170.0,,,3.0,5.0,1.41,0.11732,0.010568
40355,NUM1,Numedalslågen v/E18,2022-07-04 09:00:00,0,0,2.2,,12.0,18.0,,50.0,1.0,292.0,2.0,2.24,1.07,2.3,150.0,,,4.0,4.0,1.88,0.0739,0.006374
40355,NUM1,Numedalslågen v/E18,2022-08-01 09:00:00,0,0,1.9,,10.0,14.0,,65.0,2.0,230.0,4.8,1.97,0.99,1.9,160.0,,,6.0,10.0,3.31,0.056836,0.004442
40355,NUM1,Numedalslågen v/E18,2022-09-06 09:00:00,0,0,1.8,,9.0,38.0,,58.0,1.0,208.0,1.3,1.55,0.688,1.8,150.0,,,4.0,5.0,0.98,0.057358,0.005118
40355,NUM1,Numedalslågen v/E18,2022-10-03 09:30:00,0,0,8.9,,58.0,26.0,,380.0,6.0,845.0,6.7,4.02,1.98,8.9,630.0,,,8.0,17.0,7.23,0.3415,0.03308
40355,NUM1,Numedalslågen v/E18,2022-11-07 15:00:00,0,0,8.8,,66.0,8.0,,290.0,31.0,964.0,14.9,5.27,2.45,9.2,550.0,,,26.0,41.0,27.8,0.3810602,0.038962
40355,NUM1,Numedalslågen v/E18,2022-12-05 14:00:00,0,0,5.6,,41.0,25.0,,240.0,3.0,287.0,2.0,4.42,2.14,5.8,350.0,,,6.0,8.0,3.79,0.23157,0.022862
40355,NUM1,Numedalslågen v/E18,2023-01-01 15:30:00,0,0,5.2,,39.0,35.0,,500.0,10.0,557.0,6.0,4.86,2.53,5.4,,680.0,,14.0,18.0,9.38,0.227438,0.022794
40355,NUM1,Numedalslågen v/E18,2023-02-06 15:00:00,0,0,3.5,,25.0,63.0,,180.0,2.0,248.0,1.4,3.94,2.0,3.5,,350.0,,3.7,5.0,2.02,0.143382,0.014248
40355,NUM1,Numedalslågen v/E18,2023-03-06 14:15:00,0,0,3.1,,20.0,43.0,,170.0,4.0,226.0,1.4,3.88,1.79,3.1,,330.0,,3.7,6.2,1.81,0.12043,0.011526
40355,NUM1,Numedalslågen v/E18,2023-04-10 11:00:00,0,0,2.9,,18.0,27.0,,240.0,13.0,397.0,11.8,4.4,1.9,3.0,,410.0,,20.0,20.0,9.16,0.10904,0.010468
40355,NUM1,Numedalslågen v/E18,2023-05-02 12:00:00,0,0,6.2,,48.0,9.0,,250.0,4.0,298.0,2.9,4.39,1.92,6.2,,470.0,,4.9,7.6,3.01,0.23468,0.0257036
40355,NUM1,Numedalslågen v/E18,2023-06-05 14:20:00,0,0,4.6,,36.0,12.0,,88.0,4.0,480.0,4.5,3.06,1.38,4.6,,270.0,,6.3,9.5,4.45,0.205204,0.021844
40355,NUM1,Numedalslågen v/E18,2023-07-02 15:50:00,0,0,2.9,,17.0,2.0,,2.0,10.0,590.0,12.7,2.91,1.34,3.1,,210.0,,11.0,15.0,9.92,0.113968,0.010204
40355,NUM1,Numedalslågen v/E18,2023-08-06 13:00:00,0,0,4.2,,30.0,2.0,,54.0,3.0,352.0,2.8,2.85,1.35,4.3,,250.0,,6.3,7.3,3.6,0.17664,0.01679
40355,NUM1,Numedalslågen v/E18,2023-09-03 14:45:00,0,0,5.8,,42.0,9.0,58.0,,4.0,367.0,5.0,3.22,1.48,5.7,,240.0,,7.0,9.1,4.16,0.230182,0.022118
40355,NUM1,Numedalslågen v/E18,2023-10-01 11:00:00,0,0,6.1,,46.0,20.0,122.0,,3.0,293.0,3.0,3.64,1.72,5.9,,310.0,,5.4,7.0,2.25,0.252656,0.024408
40355,NUM1,Numedalslågen v/E18,2023-11-05 14:00:00,0,0,7.1,,50.0,28.0,480.0,,12.0,569.0,9.7,5.31,2.58,7.4,,770.0,,16.0,24.0,10.6,0.2809074,0.026166
40355,NUM1,Numedalslågen v/E18,2023-12-03 13:30:00,0,0,3.2,,21.0,9.0,136.0,,16.0,440.0,17.9,3.84,1.8,3.6,,380.0,,5.8,27.0,7.36,0.127312,0.011882
40355,NUM1,Numedalslågen v/E18,2024-01-02 15:00:00,0,0,3.8,,27.0,98.0,,220.0,5.0,304.0,4.5,4.58,2.06,4.1,,450.0,,6.6,7.8,4.45,0.148676,0.014192
40355,NUM1,Numedalslågen v/E18,2024-02-04 14:00:00,0,0,3.8,,25.0,2.0,,320.0,3.0,521.0,,4.16,2.05,3.9,,490.0,,,9.3,5.01,0.151572,0.01405
40355,NUM1,Numedalslågen v/E18,2024-03-03 14:00:00,0,0,4.9,,36.0,2.0,,450.0,15.0,451.0,14.5,4.89,2.32,5.0,,630.0,,16.0,24.0,13.9,0.210164,0.020158
40355,NUM1,Numedalslågen v/E18,2024-04-02 10:45:00,0,0,5.7,,48.0,15.0,,240.0,10.0,664.0,13.5,4.48,2.14,6.1,,450.0,,13.0,17.0,15.5,0.249316,0.025752
40355,NUM1,Numedalslågen v/E18,2024-05-06 13:00:00,0,0,6.3,,54.0,7.0,,67.0,5.0,435.0,5.7,2.97,1.42,6.4,,230.0,,7.2,9.5,6.06,0.266096,0.0282084
40355,NUM1,Numedalslågen v/E18,2024-06-03 14:25:00,0,0,5.2,,41.0,13.0,,55.0,5.0,497.0,5.9,2.83,1.37,5.3,,220.0,,8.2,12.0,6.14,0.213908,0.022836
40355,NUM1,Numedalslågen v/E18,2024-07-01 13:00:00,0,0,3.9,,28.0,8.0,,84.0,4.0,356.0,4.8,2.99,1.45,4.0,,230.0,,7.1,8.6,4.76,0.15846,0.015188
40355,NUM1,Numedalslågen v/E18,2024-08-05 11:00:00,0,0,4.7,,37.0,25.0,,130.0,2.0,256.0,2.3,3.09,1.45,4.8,,310.0,,6.6,7.8,2.91,0.20583,0.020656
