Date,CDOMdigitalFinal (µg/L),PhValue_Avg (-),Temp_water_Avg (degC),CondValue_Avg (µS/cm),Turbidity_Avg (NTU),Salinity_Avg (-)
2023-02-02,76.0,,0.09,35.35,8.17,0.019
2023-02-03,75.43,7.5329999999999995,0.0595,34.58,8.120000000000001,0.019
2023-02-04,74.765,7.387499999999999,0.03,33.614999999999995,8.89,0.018
2023-02-05,74.64500000000001,7.277,0.0635,32.585,7.8885000000000005,0.017
2023-02-06,73.38499999999999,7.295,0.1325,32.685,6.112,0.018
2023-02-07,73.62,7.311,0.377,32.709999999999994,5.6585,0.018
2023-02-08,73.26,7.342499999999999,0.394,32.644999999999996,6.044499999999999,0.017
2023-02-09,45.245,7.3785,0.7384999999999999,33.09,46.0,0.018
2023-02-10,59.975,7.3835,0.3855,33.535,19.215,0.018
2023-02-11,64.56,7.346,0.20950000000000002,33.29,13.1,0.018
2023-02-12,69.02000000000001,7.313000000000001,0.165,32.67,7.621499999999999,0.0175
2023-02-13,70.13,7.292999999999999,0.301,32.41,5.927,0.017
2023-02-14,70.765,7.281,0.2825,32.010000000000005,5.125,0.017
2023-02-15,69.76,7.279,0.6154999999999999,31.98,5.3315,0.017
2023-02-16,69.16499999999999,7.293,0.9319999999999999,32.375,5.77,0.017
2023-02-17,68.535,7.2895,1.1505,33.6,6.713,0.018
2023-02-18,61.2,7.339,1.03,36.92,21.375,0.02
2023-02-19,49.45,7.32,0.634,39.74,53.195,0.021
2023-02-20,55.275000000000006,7.3045,0.7384999999999999,37.07,30.17,0.02
2023-02-21,58.415000000000006,7.3185,0.8785000000000001,37.974999999999994,25.5,0.02
2023-02-22,60.835,7.3085,1.0099999999999998,39.08,19.22,0.021
2023-02-23,61.64,7.296,1.157,38.644999999999996,13.8,0.021
2023-02-24,62.18,7.276,1.034,37.715,12.98,0.02
2023-02-25,61.53,7.3469999999999995,0.8514999999999999,37.715,12.030000000000001,0.02
2023-02-26,60.08,7.345,0.7424999999999999,37.57,10.469999999999999,0.02
2023-02-27,57.925,7.3065,0.88,37.545,12.98,0.02
2023-02-28,56.295,7.287,0.8665,38.5,14.955,0.021
2023-03-01,55.31,7.284000000000001,0.8625,39.815,15.52,0.021
2023-03-02,55.65,7.2965,0.865,39.97,14.094999999999999,0.021
2023-03-03,57.115,7.302,0.841,40.34,11.07,0.022
2023-03-04,58.445,7.3345,0.535,40.58,10.415,0.022
2023-03-05,59.78,7.35,0.391,40.18,7.9384999999999994,0.022
2023-03-06,60.03,7.311,0.4605,39.92,7.8045,0.021
2023-03-07,60.425,7.301,0.385,40.065,9.045,0.021
2023-03-08,61.45,7.327,0.11249999999999999,39.9,7.975,0.021
2023-03-09,61.365,7.295,0.2425,39.81,6.6585,0.021
2023-03-10,61.575,7.285,0.2465,39.995000000000005,5.125500000000001,0.021
2023-03-11,61.53,7.2765,0.3905,40.06,4.4384999999999994,0.021
2023-03-12,61.11,7.2915,0.3785,39.78,3.8019999999999996,0.021
2023-03-13,60.695,7.287,0.3265,39.239999999999995,3.48,0.021
2023-03-14,60.22,7.2955000000000005,0.43300000000000005,39.17,3.4085,0.021
2023-03-15,60.185,7.3475,0.608,40.135,3.54,0.0215
2023-03-16,60.155,7.345,0.47850000000000004,40.175,3.527,0.022
2023-03-17,60.275000000000006,7.342,0.3725,39.989999999999995,3.2615,0.021
2023-03-18,59.68,7.3175,0.537,40.22,3.5655,0.022
2023-03-19,59.58,7.298500000000001,0.699,41.935,5.5,0.0225
2023-03-20,58.12,7.275,0.7985,43.655,8.78,0.023
2023-03-21,56.575,7.268000000000001,0.6964999999999999,43.07,11.95,0.023
2023-03-22,54.745,7.218,0.705,42.36,15.879999999999999,0.023
2023-03-23,53.455,7.2615,0.9550000000000001,41.695,20.5,0.022
2023-03-24,43.325,7.2405,1.1345,46.135000000000005,65.7025,0.025
2023-03-25,52.08,7.1899999999999995,1.1135000000000002,47.114999999999995,59.05,0.025
2023-03-26,53.685,7.24,0.9664999999999999,46.72,53.16,0.025
2023-03-27,60.34,7.218500000000001,0.8434999999999999,45.21,26.78,0.024
2023-03-28,62.144999999999996,7.214,1.0579999999999998,44.87,17.505000000000003,0.024
2023-03-29,62.335,7.1899999999999995,1.3855,44.84,16.12,0.024
2023-03-30,62.305,7.1915,1.164,45.465,14.850000000000001,0.024
2023-03-31,58.724999999999994,7.2235,1.2455,46.555,17.705,0.025
2023-04-01,55.775000000000006,7.231,1.436,47.64,14.775,0.026
2023-04-02,52.125,7.2195,1.9075,49.42,17.435000000000002,0.0265
2023-04-03,50.16,7.202500000000001,1.9625,49.64,19.705,0.027
2023-04-04,49.53,7.2085,2.2119999999999997,50.34,24.060000000000002,0.027
2023-04-05,49.42,7.1705000000000005,2.2835,50.705,24.645000000000003,0.027
2023-04-06,50.51,7.189,2.238,50.475,22.835,0.027
2023-04-07,52.5,7.1975,2.0165,50.295,21.03,0.027
2023-04-08,52.900000000000006,7.1815,2.5869999999999997,50.849999999999994,20.615000000000002,0.027
2023-04-09,54.230000000000004,7.1495,2.9924999999999997,50.935,19.305,0.027
2023-04-10,55.675,7.099500000000001,3.2,50.275000000000006,17.685000000000002,0.027
2023-04-11,57.58,7.0975,3.1395,49.215,16.924999999999997,0.026
2023-04-12,58.325,7.111,3.1685,49.755,16.29,0.027
2023-04-13,57.36,7.109,3.4305,50.68,18.925,0.027
2023-04-14,58.78,7.1075,3.507,49.77,18.58,0.027
2023-04-15,61.325,7.028499999999999,3.1395,47.45,18.119999999999997,0.025
2023-04-16,56.385,7.02,3.128,48.915,29.265,0.026
2023-04-17,57.98,7.009,3.323,48.010000000000005,20.435000000000002,0.026
2023-04-18,59.3,7.0169999999999995,3.4675000000000002,47.015,15.055,0.025
2023-04-19,58.515,7.02,3.473,47.19,15.205,0.025
2023-04-20,57.685,7.0024999999999995,3.5515,47.66,16.94,0.026
2023-04-21,59.394999999999996,6.975,3.6174999999999997,48.33,22.975,0.026
2023-04-22,60.64,6.931,3.716,49.129999999999995,32.230000000000004,0.026
2023-04-23,63.64,6.908,3.4965,48.435,30.88,0.026
2023-04-24,65.11,6.9025,3.4225000000000003,48.97,33.96,0.026
2023-04-25,68.545,6.887499999999999,3.7715,48.06,43.489999999999995,0.026
2023-04-26,67.195,6.8605,4.333,49.845,65.03999999999999,0.027
2023-04-27,77.005,6.8195,4.388999999999999,45.47,42.055,0.024
2023-04-28,80.55,6.783,4.627000000000001,43.125,29.880000000000003,0.023
2023-04-29,81.95,6.769,4.617,42.385000000000005,26.205,0.023
2023-04-30,82.2,6.7705,4.6325,42.61,25.25,0.023
2023-05-01,85.2,6.7364999999999995,4.4675,41.945,23.185,0.0225
2023-05-02,87.1,6.7215,4.3035,41.89,22.259999999999998,0.022
2023-05-03,88.2,6.7075,4.736000000000001,42.769999999999996,21.225,0.023
2023-05-04,90.0,6.686,4.8934999999999995,41.364999999999995,18.78,0.022
2023-05-05,90.4,6.661,5.4905,40.135,15.76,0.0215
2023-05-06,89.05,6.66,6.0035,39.379999999999995,12.445,0.021
2023-05-07,88.0,6.6285,6.3,39.635000000000005,12.087499999999999,0.021
2023-05-08,88.35,6.584,6.3295,39.78,11.48,0.021
2023-05-09,87.7,6.5825,6.4125,40.095,12.510000000000002,0.021
2023-05-10,87.65,6.574,6.827500000000001,40.17,11.155,0.022
2023-05-11,89.75,6.528499999999999,6.311999999999999,40.254999999999995,11.445,0.022
2023-05-12,82.6,6.563000000000001,7.5245,38.315,8.379999999999999,0.021
2023-05-13,75.54,6.5235,9.225,38.495000000000005,7.65,0.021
2023-05-14,74.375,6.443,9.940000000000001,38.285,7.844,0.021
2023-05-15,72.94,6.3945,10.125,37.135,7.747999999999999,0.02
2023-05-16,76.05000000000001,6.315,9.49,36.435,8.309999999999999,0.02
2023-05-17,74.94,6.343,9.745000000000001,35.349999999999994,8.34,0.019
2023-05-18,77.035,6.2829999999999995,9.55,35.69,12.165,0.019
2023-05-19,84.05,6.250500000000001,7.678000000000001,36.11,12.335,0.019
2023-05-20,87.44999999999999,6.211,7.2145,35.415,12.115,0.019
2023-05-21,85.05,6.146,7.5795,31.215,11.815000000000001,0.017
2023-05-22,81.65,6.094,8.065,29.049999999999997,12.12,0.016
2023-05-23,78.68,6.089499999999999,8.44,28.744999999999997,11.72,0.015
2023-05-24,74.875,6.1315,8.58,28.845,11.07,0.015
2023-05-25,71.32,6.139,9.09,29.725,11.115,0.016
2023-05-26,70.36,6.1925,8.9,30.14,10.3,0.016
2023-05-27,65.77,6.2165,9.21,29.865000000000002,10.49,0.016
2023-05-28,68.675,6.1975,8.61,30.630000000000003,10.15,0.016
2023-05-29,70.78,6.228,8.115,31.04,9.094999999999999,0.0165
2023-05-30,60.41,6.2595,9.155000000000001,30.755000000000003,8.965,0.016
2023-05-31,61.305,6.2405,9.440000000000001,31.979999999999997,8.205,0.017
2023-06-01,60.9,6.27,9.27,32.165,8.08975,0.017
2023-06-02,55.685,6.3315,10.07,32.445,7.4145,0.017
2023-06-03,53.78,6.3515,10.55,33.47,6.022,0.018
2023-06-04,53.79,6.3555,10.504999999999999,33.95,5.5969999999999995,0.018
2023-06-05,54.16,6.384,10.355,34.245000000000005,5.080500000000001,0.018
2023-06-06,50.845,6.383,11.145,35.505,4.713,0.019
2023-06-07,50.015,6.436,11.08,36.0,4.343999999999999,0.019
2023-06-08,43.455,6.4885,13.035,38.24,4.838,0.02
2023-06-09,42.885000000000005,6.4925,13.36,38.84,4.797499999999999,0.021
2023-06-10,41.325,6.4755,13.97,36.485,5.207,0.02
2023-06-11,41.925,6.454000000000001,13.815,36.019999999999996,4.882,0.019
2023-06-12,42.06,6.4725,13.805,35.974999999999994,4.4695,0.019
2023-06-13,39.019999999999996,6.468,14.524999999999999,37.345,5.0925,0.02
2023-06-14,37.475,6.4595,14.84,38.8,5.067,0.021
2023-06-15,35.795,6.48,15.205,39.5,5.050000000000001,0.021
2023-06-16,34.885000000000005,6.496,15.195,40.955,4.8870000000000005,0.0215
2023-06-17,33.135000000000005,6.5525,16.28,40.14,5.0395,0.0215
2023-06-18,34.635000000000005,6.484,14.795,40.825,4.7895,0.022
2023-06-19,34.980000000000004,6.51,14.245000000000001,40.379999999999995,4.4205000000000005,0.022
2023-06-20,30.615000000000002,6.5755,15.61,41.155,4.5585,0.022
2023-06-21,29.945,6.5465,15.715,41.425,5.0875,0.022
2023-06-22,29.549999999999997,6.545999999999999,16.705,41.695,5.6594999999999995,0.022
2023-06-23,30.060000000000002,6.484,16.965,41.33,5.5455000000000005,0.022
2023-06-24,28.56,6.547499999999999,17.67,41.405,5.959,0.022
2023-06-25,27.215,6.522,18.775,41.205,6.792,0.022
2023-06-26,28.675,6.4945,17.765,40.335,5.9105,0.022
2023-06-27,28.310000000000002,6.497999999999999,17.255,39.04,5.869,0.021
2023-06-28,27.375,6.5495,17.525,39.67,5.8495,0.021
2023-06-29,26.045,6.522,18.975,38.685,7.4905,0.021
2023-06-30,26.759999999999998,6.462999999999999,18.525,37.870000000000005,7.234500000000001,0.02
2023-07-01,28.185000000000002,6.452999999999999,17.47,36.760000000000005,6.24,0.02
2023-07-02,27.200000000000003,6.4985,17.4,36.795,7.122,0.02
2023-07-03,27.634999999999998,6.5009999999999994,16.56,37.21,7.1815,0.02
2023-07-04,30.67,6.507,14.945,37.6,5.857,0.02
2023-07-05,33.64,6.4395,14.235,35.455,4.6825,0.019
2023-07-06,30.48,6.5035,14.44,36.69,4.3934999999999995,0.02
2023-07-07,28.035,6.5605,15.46,37.075,4.593,0.02
2023-07-08,26.82,6.533,16.665,37.345,4.7995,0.02
2023-07-09,27.229999999999997,6.496,16.845,37.08,4.6579999999999995,0.02
2023-07-10,25.96,6.5365,17.665,37.625,4.9975000000000005,0.02
2023-07-11,26.380000000000003,6.5015,17.575,37.465,5.523,0.02
2023-07-12,27.255000000000003,6.4544999999999995,17.38,37.08,5.478,0.02
2023-07-13,27.245,6.4864999999999995,17.11,36.965,6.458,0.02
2023-07-14,27.26,6.4830000000000005,17.89,36.79,5.621499999999999,0.02
2023-07-15,29.729999999999997,6.422000000000001,17.01,35.260000000000005,5.092,0.019
2023-07-16,32.25,6.422000000000001,16.2,34.79,5.881,0.019
2023-07-17,33.004999999999995,6.482,15.47,35.285,7.391,0.019
2023-07-18,38.485,6.43,13.885,34.655,5.3004999999999995,0.019
2023-07-19,37.96,6.442,13.95,34.519999999999996,4.628,0.018
2023-07-20,33.245000000000005,6.5215,15.370000000000001,34.305,4.962999999999999,0.018
2023-07-21,36.18,6.4565,15.23,33.925,5.041,0.018
2023-07-22,45.254999999999995,6.390499999999999,14.45,32.620000000000005,4.7715,0.017
2023-07-23,46.885000000000005,6.413,14.36,32.175,4.826,0.017
2023-07-24,47.230000000000004,6.3995,15.09,31.97,4.8105,0.017
2023-07-25,50.995,6.3605,15.945,29.89,6.4165,0.016
2023-07-26,53.04,6.3235,16.43,30.424999999999997,9.530000000000001,0.016
2023-07-27,53.879999999999995,6.3335,15.629999999999999,29.415,6.414,0.016
2023-07-28,50.66,6.331,15.975000000000001,29.44,7.8245000000000005,0.016
2023-07-29,47.065,6.32,16.935000000000002,33.144999999999996,12.955,0.018
2023-07-30,50.055,6.3,17.08,33.275000000000006,13.175,0.018
2023-07-31,53.935,6.242,16.9,30.845,9.690000000000001,0.016
2023-08-01,57.935,6.234500000000001,16.83,29.295,7.3035,0.016
2023-08-02,62.15,6.179,17.38,29.18,6.999499999999999,0.016
2023-08-03,62.565,6.172,17.46,28.45,6.175,0.015
2023-08-04,60.58,6.17,17.19,28.14,5.4725,0.015
2023-08-05,58.575,6.215,17.13,28.845,6.5235,0.015
2023-08-06,51.364999999999995,6.223,17.16,30.034999999999997,12.32,0.016
2023-08-07,53.245000000000005,6.237500000000001,16.715000000000003,29.200000000000003,7.786,0.016
2023-08-08,47.715,6.245,16.9,34.144999999999996,28.88,0.018
2023-08-09,54.15,6.256,16.31,31.79,16.61,0.017
2023-08-10,51.11,6.262499999999999,16.075,32.465,16.814999999999998,0.017
2023-08-11,43.855000000000004,6.2509999999999994,16.105,37.07,49.715,0.02
2023-08-12,53.379999999999995,6.1690000000000005,15.705,35.165,40.385000000000005,0.019
2023-08-13,62.465,6.058,15.235,28.83,34.415,0.015
2023-08-14,65.03,6.002000000000001,15.27,24.775,39.475,0.013
2023-08-15,65.495,5.9965,15.0,25.634999999999998,29.22,0.014
2023-08-16,65.125,6.0315,15.02,26.535,21.15,0.014
2023-08-17,65.405,6.0245,14.33,27.78,14.82,0.015
2023-08-18,64.08,6.0395,14.379999999999999,28.695,13.0,0.015
2023-08-19,64.465,6.0635,14.77,30.195,12.355,0.016
2023-08-20,60.644999999999996,6.112,14.91,30.545,12.605,0.016
2023-08-21,58.165,6.1395,15.335,30.825,12.684999999999999,0.016
2023-08-22,56.120000000000005,6.1335,15.625,30.175,11.29,0.016
2023-08-23,48.39,6.157,16.085,33.425,21.439999999999998,0.018
2023-08-24,57.435,6.124499999999999,15.530000000000001,32.805,19.115000000000002,0.018
2023-08-25,59.63,6.1240000000000006,15.475,32.650000000000006,17.37,0.017
2023-08-26,61.790000000000006,6.137499999999999,15.455,31.64,13.625,0.017
2023-08-27,56.325,6.1434999999999995,15.45,32.08,24.64,0.017
2023-08-28,59.415,6.1315,15.185,33.59,31.975,0.018
2023-08-29,63.83,6.1325,15.415,30.28,22.465,0.016
2023-08-30,65.33500000000001,6.199,15.545,30.64,20.05,0.016
2023-08-31,67.94,6.1555,15.190000000000001,31.535,17.759999999999998,0.017
2023-09-01,69.715,6.1585,15.03,30.48,15.335,0.016
2023-09-02,71.245,6.156,15.065000000000001,29.355,13.33,0.016
2023-09-03,72.065,6.140499999999999,15.035,28.095,11.010000000000002,0.015
2023-09-04,71.12,6.1485,15.2,26.54,9.77,0.014
2023-09-05,71.015,6.1615,15.285,25.085,9.02,0.013
2023-09-06,70.745,6.17,15.21,26.295,7.977,0.014
2023-09-07,67.67,6.2005,15.74,27.97,7.132,0.015
2023-09-08,69.25999999999999,6.198,14.77,27.6,6.732,0.015
2023-09-09,66.315,6.1985,14.19,27.7,6.0025,0.015
2023-09-10,64.98,6.192,15.0,28.24,5.856,0.015
2023-09-11,63.269999999999996,6.2095,15.38,28.604999999999997,5.384,0.015
2023-09-12,62.47,6.212,15.32,28.055,5.364,0.015
2023-09-13,62.239999999999995,6.2205,14.95,28.295,4.791,0.015
2023-09-14,60.55,6.2435,14.95,28.765,4.6455,0.015
2023-09-15,59.959999999999994,6.2415,15.09,29.740000000000002,4.202500000000001,0.016
2023-09-16,62.83,6.186999999999999,14.1,29.505,4.487500000000001,0.016
2023-09-17,61.715,6.202,13.18,29.78,4.242,0.016
2023-09-18,61.54,6.2295,13.725000000000001,29.93,3.9165,0.016
2023-09-19,59.144999999999996,6.2705,13.96,30.18,5.328,0.016
2023-09-20,61.045,6.287,13.219999999999999,33.68,7.8155,0.018
2023-09-21,59.81,6.303,12.850000000000001,33.205,6.8845,0.018
2023-09-22,60.25,6.2575,12.885000000000002,33.68,7.073,0.018
2023-09-23,57.265,6.3225,12.965,40.245,17.755000000000003,0.0215
2023-09-24,59.38,6.311,12.524999999999999,37.105000000000004,12.440000000000001,0.02
2023-09-25,59.04,6.3294999999999995,12.01,36.715,12.2,0.02
2023-09-26,62.295,6.282,11.045,37.305,19.89,0.02
2023-09-27,64.72999999999999,6.2645,11.615,35.185,15.254999999999999,0.019
2023-09-28,70.305,6.2735,12.059999999999999,32.945,12.83,0.018
2023-09-29,80.94999999999999,6.213,11.985,30.67,10.155,0.016
2023-09-30,84.15,6.2065,11.145,30.19,8.0815,0.016
2023-10-01,83.05,6.192500000000001,10.67,30.825,7.518000000000001,0.016
2023-10-02,82.4,6.1850000000000005,10.99,31.119999999999997,7.008,0.017
2023-10-03,83.1,6.1885,11.035,31.15,6.17,0.017
2023-10-04,82.0,6.191,10.85,30.47,5.3575,0.016
2023-10-05,80.65,6.1975,10.77,30.245,4.8825,0.016
2023-10-06,80.9,6.211,10.754999999999999,30.369999999999997,4.712,0.016
2023-10-07,80.2,6.2435,10.5,30.134999999999998,4.291,0.016
2023-10-08,80.65,6.2225,10.085,30.32,4.3105,0.016
2023-10-09,79.975,6.220000000000001,9.96,30.825,3.836,0.016
2023-10-10,79.695,6.237500000000001,9.8,30.85,3.8775,0.016
2023-10-11,76.935,6.262499999999999,10.12,30.835,5.129,0.0165
2023-10-12,77.88499999999999,6.250035714285714,9.225000000000001,30.605,5.21,0.016
2023-10-13,78.585,6.294499999999999,8.719999999999999,29.855,4.5975,0.016
2023-10-14,77.14,6.3629999999999995,8.88,28.735,4.7285,0.015
2023-10-15,77.815,6.377,8.89,29.52,5.1175,0.016
2023-10-16,79.47,6.317,8.32,28.884999999999998,3.99,0.015
2023-10-17,79.105,6.34,8.455,28.18,3.6695,0.015
2023-10-18,79.41,6.3004999999999995,8.09,27.615,3.5495,0.015
2023-10-19,78.435,6.3455,7.371,27.36,3.4485,0.015
2023-10-20,77.85,6.4145,7.075,27.185000000000002,5.0445,0.015
2023-10-21,78.49,6.4615,6.795,27.46,4.8605,0.015
2023-10-22,79.72999999999999,6.4350000000000005,6.999499999999999,27.619999999999997,2.9705,0.015
2023-10-23,79.92,6.4025,7.2335,27.285,2.5694999999999997,0.015
2023-10-24,79.81,6.362500000000001,7.349500000000001,27.285,2.803,0.015
2023-10-25,80.5,6.3795,6.689500000000001,27.055,2.7805,0.014
2023-10-26,81.6,6.3895,6.2885,26.775,2.521,0.014
2023-10-27,81.7,6.374,6.140499999999999,26.645000000000003,2.3875,0.014
2023-10-28,81.6,6.399,5.91,26.485,2.1995,0.014
2023-10-29,81.75,6.399,5.5815,26.490000000000002,2.1544999999999996,0.014
2023-10-30,81.45,6.4235,5.1145,26.265,2.944,0.014
2023-10-31,81.3,6.45,4.601,25.41,3.234,0.014
2023-11-01,82.1,6.402,4.75,25.08,2.6615,0.013
2023-11-02,81.75,6.388,4.739,25.34,3.0355,0.013
2023-11-03,81.05,6.402,4.881,27.205,4.4445,0.014499999999999999
2023-11-04,71.505,6.429,4.8785,39.055,22.225,0.021
2023-11-05,79.065,6.4115,4.8695,34.315,14.975000000000001,0.018
2023-11-06,85.1,6.3985,5.0115,29.41,5.8675,0.016
2023-11-07,84.4,6.4005,5.018000000000001,28.975,5.5055,0.015
2023-11-08,75.775,6.4205000000000005,4.806,30.71,13.635,0.016
2023-11-09,79.605,6.435,4.736000000000001,29.23,7.422000000000001,0.016
2023-11-10,78.97,6.445,4.711,28.555,5.457000000000001,0.015
2023-11-11,76.515,6.4525,4.4559999999999995,29.96,6.327,0.016
2023-11-12,77.32499999999999,6.486000000000001,4.323,29.735,5.6345,0.016
2023-11-13,77.89,6.503,3.8575,29.34,5.0255,0.016
2023-11-14,76.31,6.5335,3.4565,29.43,6.1545000000000005,0.016
2023-11-15,76.64500000000001,6.539,3.1585,28.89,5.7005,0.015
2023-11-16,77.205,6.538,2.822,28.45,5.5725,0.015
2023-11-17,81.15,6.517,2.5205,29.665,8.43,0.016
2023-11-18,86.75,6.487,2.096,30.34,11.309999999999999,0.016
2023-11-19,89.7,6.494,1.6195,30.43,11.86,0.016
2023-11-20,92.0,6.4965,1.3875,29.72,10.985,0.016
2023-11-21,96.05,6.4765,1.2155,29.064999999999998,8.94,0.0155
2023-11-22,94.75,6.4505,1.1375000000000002,27.605,11.67,0.015
2023-11-23,90.0,6.4384999999999994,1.6545,28.585,13.309999999999999,0.015
2023-11-24,90.9,6.481,1.314,29.56,10.73,0.016
2023-11-25,88.65,6.4585,1.613,29.555,10.51,0.016
2023-11-26,87.8,6.439,1.6185,29.869999999999997,10.835,0.016
2023-11-27,88.3,6.468500000000001,1.125,29.54,10.06,0.016
2023-11-28,91.35,6.517,0.14350000000000002,27.895,8.685,0.015
2023-11-29,91.35,6.516500000000001,0.051000000000000004,26.765,8.225000000000001,0.014
2023-11-30,91.1,6.4965,0.054,26.72,7.513999999999999,0.014
2023-12-01,91.0,6.485,0.0555,26.465,6.936,0.014
2023-12-02,91.5,6.467,0.0645,27.384999999999998,7.079000000000001,0.015
2023-12-03,91.8,6.46,0.0555,27.880000000000003,6.843,0.015
2023-12-04,90.95,6.455,-0.0045000000000000005,28.025,6.0745000000000005,0.015
2023-12-05,91.2,6.453,-0.0055,27.619999999999997,5.8115,0.015
2023-12-06,90.5,6.444,0.0055,27.564999999999998,5.6465,0.015
2023-12-07,90.3,6.4375,0.021,27.54,5.736000000000001,0.015
2023-12-08,90.1,6.433999999999999,0.027,27.82,5.447,0.015
2023-12-09,88.5,6.423,0.055,27.75,5.1525,0.015
2023-12-10,87.1,6.414,0.066,27.655,4.8675,0.015
2023-12-11,86.55,6.4145,0.072,27.855,5.164,0.015
2023-12-12,84.2,6.404,0.069,28.165,4.6195,0.015
2023-12-13,82.5,6.392,0.025,28.355,3.542,0.015
2023-12-14,81.5,6.3855,0.006500000000000001,28.490000000000002,2.753,0.015
2023-12-15,80.75,6.388,0.018,28.285,2.4915000000000003,0.015
2023-12-16,77.99000000000001,6.399,0.035500000000000004,28.53,2.8354999999999997,0.015
2023-12-17,74.565,6.4165,0.0695,28.57,3.971,0.015
2023-12-18,73.86500000000001,6.425000000000001,0.0815,28.47,4.3605,0.015
2023-12-19,71.565,6.4425,0.1115,30.505000000000003,4.976,0.016
2023-12-20,69.52,6.4435,0.065,30.47,8.8,0.016
2023-12-21,69.38,6.42,0.028,29.94,8.07,0.016
2023-12-22,71.02,6.42,-0.0085,29.455,5.585,0.016
2023-12-23,72.595,6.412,-0.0115,29.634999999999998,4.584,0.016
2023-12-24,74.67500000000001,6.397,-0.012,29.94,3.1295,0.016
2023-12-25,76.725,6.3865,-0.0095,29.145,2.661,0.016
2023-12-26,77.265,6.379,-0.013,28.450000000000003,2.7715,0.015
2023-12-27,76.975,6.379,-0.0135,28.19,2.7474999999999996,0.015
2023-12-28,75.11500000000001,6.374,-0.0095,28.675,2.5940000000000003,0.015
2023-12-29,73.655,6.3805,-0.007,31.485,2.4115,0.017
2023-12-30,73.05,6.3845,-0.0075,31.825000000000003,2.428,0.017
2023-12-31,71.695,6.3985,-0.0085,30.08,2.6864999999999997,0.016
2024-01-01,70.31,6.4105,-0.01,30.005000000000003,2.633,0.016
2024-01-02,70.235,6.406499999999999,-0.014,31.265,2.4035,0.017
2024-01-03,70.53,6.399,-0.015,29.939999999999998,2.198,0.016
2024-01-04,70.645,6.3774999999999995,-0.0115,27.369999999999997,2.009,0.014499999999999999
2024-01-05,71.255,6.3675,-0.015,27.285,1.923,0.015
2024-01-06,71.08,6.36,-0.014,29.115000000000002,1.7665,0.0155
2024-01-07,69.91,6.3515,-0.013,29.845,1.6524999999999999,0.016
2024-01-08,69.07,6.3485,-0.014,32.72,1.4705,0.0175
2024-01-09,68.545,6.3575,-0.013,31.445,1.4235,0.017
2024-01-10,68.275,6.362,-0.0125,30.53,1.406,0.016
2024-01-11,67.88,6.368,-0.0135,34.245000000000005,1.3975,0.018
2024-01-12,67.28,6.3725000000000005,-0.0125,36.1,1.37,0.019
2024-01-13,66.60499999999999,6.3774999999999995,-0.012,37.99,1.4075,0.02
2024-01-14,65.64,6.374499999999999,-0.010499999999999999,40.400000000000006,1.396,0.022
2024-01-15,65.375,6.372,-0.014,40.095,1.423,0.021
2024-01-16,65.59,6.37,-0.014,34.185,1.308,0.018
2024-01-17,65.29,6.368,-0.011,33.724999999999994,1.391,0.018
2024-01-18,64.86,6.355,-0.0125,28.380000000000003,1.3155000000000001,0.015
2024-01-19,64.525,6.354,-0.012,28.335,1.3085,0.015
2024-01-20,64.245,6.351,-0.014,28.845,1.225,0.015
2024-01-21,64.145,6.336,-0.011,28.895,1.258,0.015
2024-01-22,62.965,6.3225,-0.009,36.620000000000005,1.8319999999999999,0.0195
2024-01-23,60.665000000000006,6.3185,-0.0085,42.16,22.085,0.0225
2024-01-24,67.44999999999999,6.302,-0.006500000000000001,46.765,20.9,0.025
2024-01-25,74.905,6.3025,-0.005,43.355000000000004,12.645,0.023
2024-01-26,72.50999999999999,6.3145,-0.009,41.215,8.14,0.022
2024-01-27,75.945,6.309,-0.0085,39.45,5.057,0.021
2024-01-28,76.37,6.3075,-0.0045000000000000005,39.555,4.993,0.021
2024-01-29,73.74000000000001,6.307,-0.004,38.150000000000006,8.555,0.02
2024-01-30,67.5,6.3125,-0.006,40.565,13.285,0.022
2024-01-31,69.14,6.303,-0.002,43.334999999999994,12.54,0.023
2024-02-01,69.0,6.3045,0.0,43.08,13.075,0.023
2024-02-02,58.95,6.3195,-0.002,41.88,20.385,0.022
2024-02-03,64.325,6.3115000000000006,0.0015,41.595,16.75,0.022
2024-02-04,63.26,6.3245000000000005,0.006,39.985,13.765,0.021
2024-02-05,66.985,6.34,0.0025,36.345,8.795,0.019
2024-02-06,67.08500000000001,6.3525,-0.0045000000000000005,35.349999999999994,7.5365,0.019
2024-02-07,65.405,6.358,-0.006,36.864999999999995,7.2010000000000005,0.02
2024-02-08,64.86500000000001,6.359,-0.011,36.415,7.1495,0.0195
2024-02-09,65.4,6.3614999999999995,-0.0115,36.805,6.654,0.02
2024-02-10,65.595,6.3725000000000005,-0.011,39.505,5.555,0.021
2024-02-11,64.83000000000001,6.379,-0.01,39.56,5.085,0.021
2024-02-12,64.0,6.3919999999999995,-0.011,40.96,4.926,0.022
2024-02-13,64.64500000000001,6.3774999999999995,-0.012,41.115,4.336,0.022
2024-02-14,65.99000000000001,6.3655,-0.011,40.76,3.9859999999999998,0.022
2024-02-15,67.17,6.3665,-0.01,41.235,3.652,0.022
2024-02-16,68.86500000000001,6.3535,-0.006500000000000001,46.25,3.84,0.025
2024-02-17,69.175,6.322,0.0055,44.09,16.54,0.024
2024-02-18,71.985,6.2935,0.003,41.695,20.049999999999997,0.022
2024-02-19,80.75,6.295999999999999,0.0,39.825,9.295000000000002,0.021
2024-02-20,79.685,6.316000000000001,-0.0005,41.685,6.0355,0.022
2024-02-21,75.945,6.3185,0.002,43.8,5.711,0.023
2024-02-22,66.525,6.301,0.009999999999999998,42.95,14.3,0.023
2024-02-23,58.455,6.2905,0.0095,37.985,33.235,0.02
2024-02-24,47.765,6.284,0.022,36.955,69.725,0.02
2024-02-25,59.765,6.248,0.0185,41.754999999999995,48.055,0.022
2024-02-26,62.36,6.2615,0.0225,42.795,31.2,0.023
2024-02-27,62.515,6.2855,0.018,45.885000000000005,25.83,0.0245
2024-02-28,61.775,6.323,0.025,45.65,19.235,0.024
2024-02-29,62.42,6.342,0.035500000000000004,43.985,18.15,0.023
2024-03-01,57.644999999999996,6.342499999999999,0.0665,49.09,38.735,0.026
2024-03-02,54.010000000000005,6.326499999999999,0.083,51.88,43.775000000000006,0.028
2024-03-03,55.980000000000004,6.3175,0.218,51.6,39.39,0.028
2024-03-04,57.38,6.321,0.369,49.57,38.879999999999995,0.027
2024-03-05,61.055,6.314500000000001,0.387,45.255,31.54,0.024
2024-03-06,61.03,6.330500000000001,0.449,46.22,29.509999999999998,0.025
2024-03-07,55.825,6.329,0.3885,51.625,40.985,0.028
2024-03-08,53.32,6.314500000000001,0.385,47.89,43.31,0.025500000000000002
2024-03-09,51.894999999999996,6.314,0.32399999999999995,50.64,47.019999999999996,0.027
2024-03-10,52.2,6.326,0.233,51.35,51.334999999999994,0.027
2024-03-11,54.765,6.3355,0.27949999999999997,48.005,37.625,0.025500000000000002
2024-03-12,55.455,6.3085,0.4715,43.895,40.685,0.0235
2024-03-13,59.29,6.236000000000001,0.624,41.72,39.67,0.022
2024-03-14,59.959999999999994,6.268,1.0550000000000002,39.845,36.905,0.021
2024-03-15,64.445,6.2565,1.3195000000000001,39.86,32.94,0.021
2024-03-16,63.31,6.2765,1.2965,42.75,45.769999999999996,0.023
2024-03-17,59.03,6.353,0.6114999999999999,42.285,68.05,0.0225
2024-03-18,72.38,6.26,0.66,36.245000000000005,28.325,0.019
2024-03-19,72.225,6.234,1.0095,37.739999999999995,16.685000000000002,0.02
2024-03-20,73.64,6.2275,1.2115,34.79,23.740000000000002,0.019
2024-03-21,72.37,6.248,1.1099999999999999,33.54,21.064999999999998,0.018
2024-03-22,68.06,6.2989999999999995,1.3860000000000001,43.21,23.355,0.023
2024-03-23,62.519999999999996,6.314,1.606,41.459999999999994,31.275,0.022
2024-03-24,61.315,6.3195,1.6265,48.225,35.685,0.026
2024-03-25,62.575,6.276,1.4700000000000002,41.620000000000005,34.195,0.022
2024-03-26,64.04499999999999,6.273,1.3235000000000001,41.465,36.89,0.022
2024-03-27,67.53999999999999,6.249499999999999,1.6155,42.0,33.95,0.022
2024-03-28,72.995,6.2385,1.939,42.31,26.595,0.023
2024-03-29,71.28,6.258,2.101,43.725,25.54,0.023
2024-03-30,70.75,6.232,2.1965000000000003,40.379999999999995,26.32,0.022
2024-03-31,69.455,6.225,2.12,42.505,25.145000000000003,0.023
2024-04-01,67.91,6.226,2.09,40.349999999999994,29.630000000000003,0.022
2024-04-02,69.45,6.2485,2.2539999999999996,40.11,27.515,0.021
2024-04-03,69.765,6.231999999999999,2.1109999999999998,51.325,26.97,0.027
2024-04-04,70.69999999999999,6.226,1.7955,48.614999999999995,45.325,0.026
2024-04-05,71.765,6.235,1.8635,41.84,26.284999999999997,0.0225
2024-04-06,71.11500000000001,6.215,1.9780000000000002,37.175,23.450000000000003,0.02
2024-04-07,70.315,6.215,2.226,37.415,27.705,0.02
2024-04-08,71.3,6.243,2.657,41.685,30.05,0.022
2024-04-09,70.44999999999999,6.185499999999999,2.98,42.44,30.655,0.023
2024-04-10,68.245,6.1725,3.154,50.845,33.72,0.027
2024-04-11,69.75,6.209,3.193,51.46,32.5875,0.0275
2024-04-12,68.815,6.182,3.1345,53.46,37.474999999999994,0.029
2024-04-13,68.24,6.17,3.3289999999999997,54.865,37.175,0.029
2024-04-14,70.19,6.153499999999999,3.7845,56.945,35.125,0.03
2024-04-15,71.965,6.141500000000001,3.7545,56.28,33.6,0.03
2024-04-16,73.25,6.1265,3.7655000000000003,58.055,33.655,0.031
2024-04-17,74.71000000000001,6.1205,3.7110000000000003,57.05,27.855,0.0305
2024-04-18,79.38,6.1005,3.8625,48.36,22.215,0.026
2024-04-19,88.05000000000001,5.9965,4.4385,42.95,17.08,0.023
2024-04-20,92.8,5.922000000000001,4.565,43.495000000000005,14.42,0.023
2024-04-21,93.45,5.920999999999999,4.666,41.42,12.629999999999999,0.022
2024-04-22,93.65,5.906499999999999,4.7995,28.385,10.405,0.015
2024-04-23,91.6,5.879,4.872,29.505000000000003,8.725000000000001,0.016
2024-04-24,94.85,5.913,4.7509999999999994,34.495000000000005,8.745000000000001,0.018
2024-04-25,94.85,5.93,4.732,30.775,7.9715,0.0165
2024-04-26,91.25,5.947,5.156499999999999,30.92,6.895,0.0165
2024-04-27,90.3,5.9565,5.2620000000000005,35.88,6.612500000000001,0.019
2024-04-28,89.85,5.984,5.286,35.09,6.2945,0.019
2024-04-29,84.9,6.0455000000000005,5.621,31.555,6.182,0.017
2024-04-30,81.0,6.071,6.1645,29.990000000000002,6.067,0.016
2024-05-01,86.0,6.036,6.2675,29.66,6.2379999999999995,0.016
2024-05-02,88.9,6.0024999999999995,6.203,29.005000000000003,6.6605,0.0155
2024-05-03,75.77499999999999,6.0855,7.1825,34.335,6.325,0.018
2024-05-04,70.195,6.1175,8.094999999999999,35.225,6.6005,0.019
2024-05-05,69.88499999999999,6.1075,8.57,22.2,6.1240000000000006,0.012
2024-05-06,71.005,6.127000000000001,8.43,22.21,5.759,0.012
2024-05-07,70.63,6.124499999999999,8.75,20.135,6.25,0.011
2024-05-08,70.805,6.094,9.695,18.585,6.303,0.01
2024-05-09,79.39,6.115500000000001,8.09,18.985,5.7635000000000005,0.01
2024-05-10,79.97,6.0665,8.29,16.415,5.8685,0.009
2024-05-11,80.6,6.027,8.5,12.92,6.6055,0.007
2024-05-12,79.12,5.9895,8.905000000000001,11.879999999999999,6.134,0.006
2024-05-13,79.84,6.010999999999999,8.434999999999999,12.235,6.0085,0.006500000000000001
2024-05-14,72.4,6.0065,8.675,11.524999999999999,6.0375,0.006
2024-05-15,69.215,7.0009999999999994,9.195,11.145,9.6763125,0.006
2024-05-16,66.58500000000001,7.1455,9.68,6.428,15.1393125,0.003
2024-05-17,64.69,7.14,10.045,8.105,,0.004
2024-05-18,61.725,7.1365,10.205,8.760000000000002,,0.005
2024-05-19,60.239999999999995,7.1475,10.705,9.215,,0.005
2024-05-20,57.2,7.1505,10.825,9.48,,0.005
2024-05-21,52.495000000000005,7.164,11.969999999999999,10.350000000000001,,0.005
2024-05-22,53.195,7.159000000000001,11.815000000000001,10.33,,0.005
2024-05-23,51.305,7.1735,12.03,11.4,,0.006
2024-05-24,52.495,7.1605,11.77,11.855,,0.006
2024-05-25,51.03,7.1675,11.98,12.795,,0.007
2024-05-26,47.87,7.21,12.735,14.149999999999999,,0.0075
2024-05-27,47.04,7.2305,12.995000000000001,15.440000000000001,,0.008
2024-05-28,48.084999999999994,7.2225,12.235,15.985,,0.008
2024-05-29,45.795,7.250500000000001,12.535,17.265,,0.009
2024-05-30,45.224999999999994,7.266500000000001,12.695,19.28,,0.01
2024-05-31,41.665,7.298500000000001,13.325,24.299999999999997,,0.013
2024-06-01,40.43,7.313000000000001,13.555,27.47,,0.015
2024-06-02,41.185,,13.665,28.095,20.4885,0.015
2024-06-03,38.42,,13.615,30.195,3.843,0.016
2024-06-04,38.955,,12.385000000000002,30.105,3.3395,0.016
2024-06-05,38.09,,12.14,27.7,3.3914999999999997,0.015
2024-06-06,51.519999999999996,,10.600000000000001,27.015,3.6825,0.014
2024-06-07,37.650000000000006,,12.575,28.07,3.3975,0.015
2024-06-08,35.7,,13.535,27.605,4.1065000000000005,0.015
2024-06-09,37.8,,13.0,26.975,4.1805,0.014
2024-06-10,41.2,,12.215,25.045,4.175000000000001,0.013
2024-06-11,40.394999999999996,,12.285,25.655,3.968,0.014
2024-06-12,37.045,,13.055,24.3,3.9205,0.013
2024-06-13,36.254999999999995,,12.195,23.490000000000002,9.3,0.0125
2024-06-14,43.165,,11.4,22.240000000000002,5.7844999999999995,0.012
2024-06-15,47.375,,10.995000000000001,21.165,5.6955,0.011
2024-06-16,45.56,,11.475,21.705,6.713,0.012
2024-06-17,47.065,,12.27,23.93,8.04,0.013
2024-06-18,48.28,,12.715,22.134999999999998,9.95,0.012
2024-06-19,48.78,7.283333333333333,13.01125,19.825,4.7330000000000005,0.0108
2024-06-20,47.835,7.4425,13.19,19.91,4.1965,0.011
2024-06-21,47.535,7.4005,13.42,20.1,4.0649999999999995,0.011
2024-06-22,47.75,7.358499999999999,12.97,19.905,3.668,0.011
2024-06-23,47.205,7.338,12.969999999999999,20.175,3.4725,0.011
2024-06-24,44.215,7.313000000000001,14.265,24.16,3.8295000000000003,0.013
2024-06-25,43.575,7.2875,14.649999999999999,21.265,3.792,0.011
2024-06-26,43.16,7.252,14.91,22.02,3.7045,0.012
2024-06-27,42.510000000000005,7.192,15.465,23.715,4.0145,0.013
2024-06-28,40.325,7.157500000000001,16.52,22.735,4.748,0.012
2024-06-29,38.745000000000005,7.178,16.86,23.0,6.196,0.012
2024-06-30,44.535,7.1035,14.510000000000002,22.84,5.8035,0.012
2024-07-01,44.275000000000006,7.135,14.68,26.89,4.606999999999999,0.014
2024-07-02,40.795,7.1419999999999995,15.79,24.134999999999998,4.782500000000001,0.013
2024-07-03,40.185,7.1645,15.59,23.93,4.7435,0.013
2024-07-04,38.254999999999995,7.213,15.64,24.69,5.574999999999999,0.013
2024-07-05,39.239999999999995,7.1965,14.915,25.49,5.031000000000001,0.014
2024-07-06,41.2,7.172,13.555,25.735,5.151,0.014
2024-07-07,40.97,7.16,13.364999999999998,26.195,5.140000000000001,0.014
2024-07-08,39.125,7.237,13.725,27.15,6.1899999999999995,0.014499999999999999
2024-07-09,39.435,7.201499999999999,14.27,28.42,5.42,0.015
2024-07-10,38.3,7.196,14.32,28.525,5.2785,0.015
2024-07-11,38.93,7.146000000000001,14.295,29.384999999999998,5.2255,0.016
2024-07-12,37.64,7.1465,14.905000000000001,29.695,5.439,0.016
2024-07-13,37.875,7.109999999999999,14.35,30.73,5.656000000000001,0.016
2024-07-14,36.66,7.105,14.705,29.7,5.201,0.016
2024-07-15,35.46,7.0725,15.72,30.095,5.394,0.016
2024-07-16,38.435,7.0085,15.205,29.68,5.6895,0.016
2024-07-17,44.004999999999995,6.953,15.355,28.255,5.5329999999999995,0.015
2024-07-18,47.93,6.906499999999999,16.035,28.494999999999997,6.8955,0.015
2024-07-19,51.215,6.864,16.700000000000003,27.884999999999998,8.995000000000001,0.015
2024-07-20,52.965,6.8565000000000005,16.915,27.45,8.515,0.015
2024-07-21,53.38,6.807,17.265,28.96,8.405000000000001,0.015
2024-07-22,58.7,6.7355,17.68,29.16,8.2,0.0155
2024-07-23,63.175,6.67,17.78,24.425,7.288,0.013
2024-07-24,63.66,6.6585,18.09,23.32,6.626,0.012
2024-07-25,65.965,6.628,17.73,23.255,6.524,0.012
2024-07-26,64.995,6.590999999999999,17.915,22.645,6.859,0.012
2024-07-27,59.435,6.630000000000001,16.96,22.93,10.395,0.012
2024-07-28,55.135,6.635999999999999,16.995,24.875,17.7,0.013
2024-07-29,53.68,6.673500000000001,17.455,23.65,14.36,0.013
2024-07-30,57.365,6.644,17.560000000000002,23.36,14.4,0.012
2024-07-31,62.35,6.607,17.015,25.005,21.535,0.013
2024-08-01,65.185,6.593500000000001,17.045,24.79,17.195,0.013
2024-08-02,66.94999999999999,6.5685,17.83,23.314999999999998,12.865,0.0125
2024-08-03,70.935,6.483,18.19,21.56,9.215,0.011
2024-08-04,72.955,6.444,17.884999999999998,20.66,8.120000000000001,0.011
2024-08-05,71.565,6.495,17.72,19.61,6.9615,0.01
2024-08-06,66.13,6.6195,18.240000000000002,19.9,6.1955,0.011
2024-08-07,62.885,6.4605,18.744999999999997,20.355,6.0465,0.011
2024-08-08,62.26,6.457000000000001,18.564999999999998,20.86,5.8445,0.011
2024-08-09,59.260000000000005,6.5145,18.375,22.604999999999997,7.0075,0.012
2024-08-10,61.705,6.5024999999999995,17.755000000000003,22.619999999999997,7.7219999999999995,0.012
2024-08-11,61.315,6.5275,17.72,23.275,7.3585,0.012
2024-08-12,60.085,6.494,17.825,23.62,6.093,0.013
2024-08-13,55.120000000000005,6.5775,18.095,23.735,5.781000000000001,0.013
2024-08-14,53.760000000000005,6.5395,17.555,23.25,5.3095,0.012
2024-08-15,52.66,6.5825,17.24,22.52,5.889,0.012
2024-08-16,50.805,6.6419999999999995,17.01,22.28,6.2010000000000005,0.012
2024-08-17,50.47,6.604,16.1,22.615000000000002,5.2925,0.012
2024-08-18,50.34,6.647,16.37,21.515,5.0965,0.011
2024-08-19,50.35,6.586,16.450000000000003,20.744999999999997,4.9605,0.011
2024-08-20,51.515,6.5655,16.33,20.27,4.807,0.011
2024-08-21,51.76,6.5794999999999995,15.8,20.21,5.202,0.011
2024-08-22,51.93,6.627,15.385000000000002,20.505,4.800000000000001,0.011
2024-08-23,51.36,6.665,15.52,21.560000000000002,5.904999999999999,0.0115
2024-08-24,52.27,6.6455,14.705,25.045,10.870000000000001,0.013
2024-08-25,53.95,6.6485,14.495,23.85,9.67,0.013
2024-08-26,54.225,6.6485,14.18,24.045,10.34,0.013
2024-08-27,54.54,6.626,13.49,24.84,12.51,0.013
