Date,Farge,DIN,PO4-P,SiO2,TOC,TOTN,TOTP/F,TOTP_P,TOTP,TSM,UV-Abs. 410nm,UV-Abs. 254nm
1990-01-31,,,,,,,,,,,,
1990-02-28,,,79.68030545454545,,7741.019310984642,1292.737140130909,,,144.53701789090908,142423.99566545454,,
1990-03-31,,,35.545780799999996,,6401.013555887688,1072.18669248,,,62.431272,49684.65696,,
1990-04-30,,,17.460586846753245,,8376.99108149765,1029.9355590857142,,,34.95223842077922,18710.97783896104,,
1990-05-31,,,15.269352173755655,,17179.33768803166,1208.1707391420814,,,42.29198838733031,21922.220329411764,,
1990-06-30,,,5.6859408,,10216.261874407068,1105.64607456,,,28.30561488,9813.18024,,
1990-07-31,,,5.9363104,,10466.975671399076,1337.87524416,,,32.982748799999996,14600.610751999999,,
1990-08-31,,,2.5762475130434783,,6582.349105109004,676.4934694956521,,,13.727287513043478,4332.528264347826,,
1990-09-30,,,2.9726934260869564,,5570.025294147289,522.4806780682275,,,10.555589426086957,3373.1861779264214,,
1990-10-31,,,2.5425791999999996,,5090.882831574242,540.5912393142856,,,8.899027199999999,2091.1733485714285,,
1990-11-30,,,2.4514569931034482,,6466.885498751486,628.0409092256158,,,9.3762144,2750.627899507389,,
1990-12-31,,,8.977459836604774,,6543.078477983016,862.3589816530504,,,20.26787150769231,9306.876314482759,,
1991-01-31,,,22.996961889230768,,4727.67803770114,1216.063327790769,,,34.77044281846154,18172.7972928,,
1991-02-28,,,2.51865936,,2706.3230560127527,436.31494847999994,,,5.60558304,1294.3925424,,
1991-03-31,,,37.57852872,,3658.7171860421495,896.3725154953845,,,103.76940788307692,14870.285417353847,,
1991-04-30,,,30.272021897142857,,9273.949424545046,1402.4262791314286,,,64.35638866285714,15796.880376685715,,
1991-05-31,,,5.1321949714285715,,6938.41068319067,726.5068703999999,,,17.81122217142857,6401.083433142857,,
1991-06-30,,,4.946909034965035,,6503.026465504408,715.4496982825175,,,19.639482797202795,7556.078110657342,,
1991-07-31,,,7.9018877591208785,,7731.076352713526,1014.1297198575824,,,28.238349346813187,13784.707260870331,,
1991-08-31,,,3.2631767999999997,,4620.125710872986,587.6074390344827,,,14.949837434482758,5558.988498206897,,
1991-09-30,,,2.1402144,,3068.9795595750015,396.12451828965516,,,7.402019089655172,2576.151916137931,,
1991-10-31,,,5.948046146606335,,5179.51526287314,698.3752819113122,,,15.223711862443437,5644.515096325792,,
1991-11-30,,,16.565499013399503,,6432.567404262929,966.2381838133995,,,33.67740856377171,12003.958864674938,,
1991-12-31,,,8.219175302488479,,6436.252875286707,816.2628299767741,,,17.6418329275576,5403.028465725346,,
1992-01-31,,,4.791872365714286,,3968.5339767970995,617.1301224,,,10.716794331428572,3667.2065650285717,,
1992-02-29,,333.77903556923076,3.9504893538461534,,2878.038794205327,486.18131305846157,,,9.474949661538462,2604.067270892308,,
1992-03-31,,824.519802811336,19.12772783805668,,3908.0340710264973,987.4542128647773,,,37.72029339838056,14721.269096113361,,
1992-04-30,,697.3330696105263,16.965237978947368,,4444.007367502114,858.1481984842105,,,30.96439834736842,18217.18450042105,,
1992-05-31,,1181.8842370615384,29.71057735384615,,14502.540651368694,1763.8915369846154,,,67.84918933846154,37347.78395353846,,
1992-06-30,,727.9938465230769,12.599733599999999,,9456.55972795888,1035.6771655384614,,,35.36220129230769,15137.13413353846,,
1992-07-31,,241.99145580320854,3.046381873796791,,3117.252654802812,402.3348219721925,,,25.753092410695185,4225.990351187165,,
1992-08-31,,508.6485062520376,6.811925507210031,,8429.215039113364,838.4663363811912,,,22.706674578056425,8545.810346633229,,
1992-09-30,,531.6202152,5.759604,,8777.229119782016,803.4106247999999,,,18.921213599999998,6997.162968000001,,
1992-10-31,,586.8400392,5.16794544,,6945.073123260828,791.32162608,,,13.42882416,3705.1573104000004,,
1992-11-30,,965.0667456,10.24499136,,5689.004216223531,1246.28732352,,,47.58689664,73488.47304960001,,
1992-12-31,,1342.193118,24.2179744,,7921.625037595761,1840.702536,,,107.98186439999999,184033.0914,,
1993-01-31,,699.3681625657895,38.01771492631579,,5622.794921427158,960.3980246842104,,,71.82457287631578,65068.759604368424,,
1993-02-28,,458.9535345473684,10.98852997894737,,4025.400549648463,611.9415890526316,,,20.690761578947367,14317.273234105265,,
1993-03-31,,500.0339204689655,18.50333673103448,,3219.4557754553475,658.6160983448275,,,30.016817379310343,21401.536837655174,,
1993-04-30,,454.0494888789969,8.195218939184953,,4158.596095976073,634.9914020313479,,,16.299111870846396,11360.777070695925,,
1993-05-31,,1413.5095840822967,22.600469144497605,,23877.048615954205,2192.151430507177,,,54.65286449569378,28403.74018214354,,
1993-06-30,,594.9088236947368,4.671154610526315,,7626.425011970578,873.400053349624,,,18.946760061654135,7829.052868421053,,
1993-07-31,,560.7551992153846,6.400606153846153,,7876.489698617479,920.5203181153846,,,22.586289923076922,9241.900496307693,,
1993-08-31,,885.6250219384615,12.985261930069928,,16225.528041339643,1537.9011317202796,,,32.55535878041958,16195.390369678324,,
1993-09-30,,356.60270304,4.526785014545454,,6722.2734149799635,748.9071746181818,,,15.311650647272726,4333.514661490909,,
1993-10-31,,720.01705104,7.8769335599999994,,8490.843290300936,1102.4686818,,,23.12564472,6443.9507484,,
1993-11-30,,686.0741915571429,11.883648471428572,,6954.222457468073,1007.8873206428572,,,26.867580942857142,14617.803742714286,,
1993-12-31,,1164.6336745565216,31.488943460869564,,6962.141321179924,1582.9442913913042,,,59.18489968695652,32276.697991826088,,
1994-01-31,,620.586748123826,8.66463151304348,,4520.842497386054,834.7423187895652,,,18.24535028034782,8308.619885551303,,
1994-02-28,,356.282908416,3.7505376,,2852.350017344684,481.76047872,,,12.876345215999999,2718.6134745600007,,
1994-03-31,,458.94532799999996,12.8746656,,2922.061072094139,616.09776,,,22.996473599999998,12113.918399999999,,
1994-04-30,,996.5857487408866,31.833543936945812,,8412.93107546783,1382.2469554876848,,,56.23506744827586,41011.53267050246,,
1994-05-31,,988.7992106764976,19.393244062672807,,19319.42979334038,1805.0026880737325,,,60.259738529032255,30113.20762971429,,
1994-06-30,,590.9793040212523,5.1075499354838705,,8354.391784605334,1021.7705331005692,,,21.415900125996203,8917.801310117648,,
1994-07-31,,574.5796625344537,4.6545407999999995,,7282.671249703878,925.6353785546218,,,17.024865156302518,9130.972552336134,,
1994-08-31,,503.40098468571426,3.5911296,,5764.687254568669,757.9529362285714,,,15.011797577142856,8557.297376914286,,
1994-09-30,,904.1594244571428,3.9852351999999995,,7471.9940968764195,1229.8704708571427,,,21.74461805714286,12220.23856,,
1994-10-31,,492.86606775172413,3.6850528000000002,,5118.066958040561,665.1960027586207,,,10.8422176,4162.4435994482765,,
1994-11-30,,539.9359252833103,3.3571584,,5157.927935275017,671.1208449765517,,,9.265404671999999,3900.2122741406897,,
1994-12-31,,828.7145204297143,7.074695314285714,,6847.6374708956,1014.0329548799999,,,16.379579849142857,10616.913301577142,,
1995-01-31,,926.130136081106,13.864177725345622,,5296.1997578384035,1163.9914838709676,,,30.353298204608294,17106.841622488482,,
1995-02-28,,727.7563945207742,9.548656759741935,,3853.4777985594,941.0324796696774,,,40.1886646792258,11795.466019261936,,
1995-03-31,,535.0335986468571,7.614970889142857,3573.2819026285715,3581.8892787155964,709.2255647314286,,,16.780829924571428,9260.56910592,,
1995-04-30,,643.6311107657143,12.617986834285714,4078.596342857143,5115.623338320946,866.9588811428571,,,23.402199497142856,17163.883008,,
1995-05-31,,1398.65594272,53.95934368,9905.78576,14518.581237863154,1805.60628,,,45.016263359999996,32091.288192,,
1995-06-30,,2193.7693695999997,213.55578448,19045.59728,33992.9736108945,3784.4529696,,,395.1746784,192354.75648,,
1995-07-31,,762.0041245714285,18.374470004571428,6498.672706285714,9221.055572501666,1269.3430388571428,,,36.94684114285714,11664.329142857143,,
1995-08-31,,360.5210997942857,4.583026038857143,3149.021293714286,4468.996849038083,643.6674485217391,,,16.212492313043477,5277.075616173913,,
1995-09-30,,282.08881810285715,2.3900404114285716,1940.7471634285714,3206.8267730491702,437.43622360248446,,,8.123318161490683,2336.7853225341614,,
1995-10-31,,364.8084397714286,3.2588763428571426,2064.4780114285713,3000.715626338848,498.6615188571428,,,9.330747428571428,4341.689259428572,,
1995-11-30,,407.1564452571428,4.1046911999999995,2879.1773485714284,4627.499158736979,546.5333314285714,,,8.902244571428572,3926.6123862857144,,
1995-12-31,,442.7539586742857,4.0691355428571425,3110.4518399999997,5143.455445365554,608.2427314285715,,,7.338793782857143,2882.2903734857146,,
1996-01-31,,382.24518654409934,2.706786067080745,2591.0595547826088,2880.969218002521,486.7229385838509,,,5.4395185192546585,1580.0805114037266,,
1996-02-29,,280.80648751304346,1.122050504347826,1768.4857252173913,1861.6677480428784,353.6514751304348,,,3.363106852173913,722.8015137391304,,
1996-03-31,,296.3584761446224,4.76262136750572,1486.0773210068648,1621.2974053610758,373.91294586727685,,,10.308998389016018,6033.104444265446,,
1996-04-30,,595.931994236842,18.41708837368421,2399.5664384210527,3574.342573448559,771.5175835263158,,,36.00216762631579,23711.23668694737,,
1996-05-31,,1176.6108546,16.70341577142857,5938.4936314285715,9555.23526087275,1629.996719142857,,,61.40127162857143,27347.915982857143,,
1996-06-30,,777.1171741714286,3.8611728,5347.34928,7399.156448629791,1138.4488079999999,,,36.13800630857143,13596.394731428572,,
1996-07-31,,712.8783567428571,6.038446371428571,4458.5802,5526.207462020462,1056.1028922857142,,,23.23715794285714,8043.174044571429,,
1996-08-31,,410.066944,2.5786016,2508.742848,3566.2740013193447,649.4341823999999,,,10.075770879999999,4011.2438144,,
1996-09-30,,339.6135137142857,2.5029771428571426,2286.9331405714283,3918.223617047908,526.7539604571429,,,8.738022034285713,3028.228360457143,,
1996-10-31,,697.4056723389162,8.420727014778326,3950.2200874876844,6839.042980952131,994.5185788374383,,,20.2343522364532,9667.73172839409,,
1996-11-30,,952.0634979310344,19.19549395862069,5657.493451034484,8623.251284727223,1275.7143376551724,,,37.11399293793103,20429.791934896555,,
1996-12-31,,662.5695573257142,8.58553961142857,4400.164265142857,6804.585836405111,885.8349997714286,,,18.502412502857144,8413.562731885715,,
1997-01-31,,586.0288532571428,13.095530742857143,3629.483794285714,4484.1868575252565,744.6086845714285,,,24.514494171428574,15898.085074285713,,
1997-02-28,,502.5681750857143,41.31107691428571,3041.7052114285716,3056.919156677724,675.7765508571429,,,71.89096525714285,54304.87937142857,,
1997-03-31,,524.5683008914285,19.517192228571425,3438.554358857143,3496.786025948882,692.2669042285714,,,33.83708626285714,23819.31853714286,,
1997-04-30,,440.5947233142857,16.073550514285714,2758.4379977142858,3409.3152947546823,586.9964314285714,,,26.53778777142857,19134.461828571428,,
1997-05-31,,2221.4274994285715,35.93834537142857,9744.869869714286,15185.4806281483,2700.3976868571426,,,63.07675199999999,41314.05462857143,,
1997-06-30,,1039.0021344,15.396307199999999,7723.939392,12172.766237302083,1537.893648,,,39.6900576,22465.187136,,
1997-07-31,,683.4128019692307,8.606712738461539,5962.468393846154,10064.661193894322,1137.704134153846,,,26.685265476923075,14104.782232615386,,
1997-08-31,,358.46560377879416,3.8486842278586275,3085.078584948025,4836.255291561957,596.0744909438669,,,12.113762834095633,5635.903305180874,,
1997-09-30,,452.8442802162162,6.3003170223938225,3838.6804447876452,6965.762444752243,742.8472837992277,,,16.519032333590733,7714.742271567568,,
1997-10-31,,473.941152,3.7754491885714287,3889.421033142857,6988.147031518564,704.7105253714285,,,11.988025302857142,4258.8456048,,
1997-11-30,,464.17561097142857,3.116521234285714,3360.7348662857144,5338.931819172583,650.0771136,,,9.220965119999999,2978.4926838857145,,
1997-12-31,,736.1209670399999,3.867977417142857,4450.571629714285,6754.569756136775,964.6887332571428,,,14.114422491428572,5863.746050742858,,
1998-01-31,,1004.1397804799999,8.838281519999999,4817.543688,5467.982679414978,1235.5206048,,,19.933525439999997,9182.4507792,,
1998-02-28,,773.24027328,10.224253542857141,3816.420469714286,3756.5381238089153,961.5447483428571,,,23.146921645714283,13016.317007314286,,
1998-03-31,,588.3927602086956,5.8789326409937885,3720.215841987578,4039.8273430271206,756.2270522236024,,,14.821477803726706,7567.792550161491,,
1998-04-30,,776.3020657548387,10.139368877419354,4538.365687741935,6381.153559570284,903.7228598709677,,,19.624494658064513,11007.066630193547,,
1998-05-31,,1129.1323863948387,21.373189037419355,11707.617079741936,20699.57899936598,1759.3570358709676,,,50.652145858064515,24528.84853099355,,
1998-06-30,,868.2285737772972,11.523795606486486,6917.049815351351,10342.71742722381,1398.9650244324323,,,24.974139113513512,9352.623817167569,,
1998-07-31,,491.102880997921,9.742616681912681,6974.327648731809,9796.553364971343,1418.9658415634094,,,26.364641164241164,11093.84723166736,,
1998-08-31,,496.52209606153843,9.268187815384614,5143.7198215384615,6782.611276956805,944.8468809230768,,,25.512147138461536,9787.894249846155,,
1998-09-30,,658.2841241142856,11.2555944,6052.607485714287,10224.311494543574,1033.930044,,,26.013817028571427,10202.282012571428,,
1998-10-31,,774.714576,10.4664112,5907.9512,9063.77800202582,1149.3256079999999,,,27.683671999999998,10259.930512,,
1998-11-30,,594.3517148571428,6.752470285714286,5305.758411428572,8001.785989563842,917.3826565714285,,,19.49868754285714,8081.225029714286,,
1998-12-31,,492.0926783937662,4.079565507740259,4287.613454503505,5778.539241210148,684.6701469194804,,,14.220225188629541,4775.108069922078,,
1999-01-31,,670.9342359272727,7.128369163636363,5824.578763665687,4799.346475524849,821.0233047272727,,,15.29690772796583,5631.75778909091,,
1999-02-28,,486.23251968,4.580287652571428,4499.384077792006,3215.792380807902,551.0063849142857,,,11.259595052928088,3155.072256,,
1999-03-31,,470.1062373942857,6.352585291636363,4037.913099047313,3676.616006442056,618.3125108322077,,,14.135835486533503,3918.283110233766,,
1999-04-30,,1052.6765751771427,42.397039872,10478.271230643051,12253.087173029993,1578.1165730742857,,,48.40079288942793,23978.51152457143,,
1999-05-31,,1041.3471641142858,23.868531236571428,14603.071641667957,16136.790634277466,1644.9870330514286,,,51.87465883097294,21404.87029028571,,
1999-06-30,,1232.161674594958,15.411709136268907,12026.62734416535,16750.426864796224,2015.9816540369748,,,93.34946220763823,23688.9251697479,,
1999-07-31,,989.3177161411764,14.814853496470588,9102.350536966933,12766.77748320135,1769.7859013647058,,,42.48405403044918,16104.785167058824,,
1999-08-31,,248.3182656,2.243170884413793,3181.4469014859883,3448.5684553858164,447.6500212965517,,,9.88762048569722,3559.771564137931,,
1999-09-30,,634.0607263542856,23.66054151222857,3479.152301389051,4306.644825266675,909.80103168,,,9.394960399676664,14702.517750857143,,
1999-10-31,,913.1398415064934,34.23929817974026,6372.313957708823,7874.218711326969,1378.3951538181818,,,21.198890286389126,18357.559508571427,,
1999-11-30,,655.7873083948052,7.6450878607792205,9738.823385282421,6117.939993505702,973.4890982025973,,,19.831141121521632,20998.21957714286,,
1999-12-31,,930.5645451428571,24.410902628571428,9541.565019021715,6804.20562443906,1336.3421554285715,,,23.534313125409064,102672.34662857144,,
2000-01-31,,773.0236907789473,18.488345818947366,6803.812365027079,5508.958629069987,1128.1389598315789,,,20.029038794871973,51822.58164210526,,
2000-02-29,,742.1431884631579,4.913186703157895,6189.773010052351,4271.77391853894,1240.189651705263,,,16.26922157883587,49831.75523368421,,
2000-03-31,,574.0920432,8.77965648,4788.769012751186,3489.7102328665974,926.9426063999999,,,12.89496074181603,31163.145120000005,,
2000-04-30,,592.99164,22.164455999999998,9686.325794437153,7058.263538200498,971.89134,,,30.389467790512686,16123.1796,,
2000-05-31,,1205.4132898285714,45.3656784,21049.94110021375,22797.859381521943,2397.8597952,,,78.51891862428094,41279.456502857145,,
2000-06-30,,975.6756934316883,14.115294271168832,8632.930941200757,8739.163971182457,1613.2442942337661,,,29.2048755581432,10070.742874597403,,
2000-07-31,,980.0263046502673,13.384347208556148,13039.780861634896,14626.990114027576,1966.019964064171,,,47.30054094648144,15386.151180320856,,
2000-08-31,,363.9580305062619,4.853697800379506,6273.645666522551,6276.390214625254,1013.9480812963947,,,20.293760033379716,6105.233237191652,,
2000-09-30,,397.94926947096775,3.116907870967742,5115.394375425183,5566.972159350647,890.6854120258064,,,13.789486304614982,2817.69519483871,,
2000-10-31,,1318.86279,26.695958785714286,15366.448604250378,19822.883173968083,1809.9279603,,,70.74582940296068,19127.90302651054,,
2000-11-30,,1795.7004912,32.73895204137931,26320.18854909806,34340.0864161929,2862.9172086206895,,,171.60298663267864,36480.82893639344,,
2000-12-31,,994.0547108571428,13.901345450246305,17828.148188235522,19510.098260384104,1710.4299700965516,,,99.13660611500154,20212.119508384076,,
2001-01-31,,638.3741689469388,8.714531461224489,9851.494764172583,7762.554626211282,953.6865942857142,,,42.59196943366573,8288.034259591837,,
2001-02-28,,518.7378202878625,3.64295289538131,5950.901584388276,4699.478866375332,790.020249455639,,,18.671446622375335,3085.8820650483353,,
2001-03-31,,415.20796131497974,1.85135244048583,4671.00937916889,3577.3831424821424,922.966652999514,,,13.41027289117442,4272.043197279352,,
2001-04-30,,717.7489488,6.323970857142857,6903.329703578996,6238.076742162531,977.4534353142857,,,28.84514674777096,50190.203108571426,,
2001-05-31,,984.3868069714285,11.898480342857143,15489.874092213671,17144.356773205396,1717.0418802857141,,,55.956773838167265,49128.66678857143,,
2001-06-30,,719.3005138285714,8.697880594285714,9390.942252980984,9538.897399568834,1192.18127616,,,33.618093764039706,9407.815817142857,,
2001-07-31,,649.0904894608695,5.4451365438735175,7278.432378283619,9794.10373400316,1029.023051079842,,,33.60358813161068,9102.71302577075,,
2001-08-31,,470.37290052413783,5.502517527272727,4876.057963754214,8413.77487390592,838.5739198194357,,,28.41385301116713,6901.420008526646,,
2001-09-30,,466.45136540689657,6.2576064,4995.759574225222,7206.87654403777,839.1497303172413,,,18.88736527804826,7677.4467972413795,,
2001-10-31,,1018.88764608,39.97868626285714,9070.412829337767,12240.890499390254,1485.8756996571428,,,37.03919841553208,33167.47260342857,,
2001-11-30,,651.6618966857143,20.384767542857144,6483.6027455025405,8195.208673407955,850.6841033142856,,,28.910592037572396,16776.432,,
2001-12-31,,453.03887314285714,3.7919437714285715,4801.375122412816,6159.483533258551,554.1870692571429,,,20.522082044217836,3313.77984,,
2002-01-31,,518.7625055999999,4.150799999999999,5331.324635714903,4209.693655028791,619.5521663999999,,,10.997764066021467,3923.41248,,
2002-02-28,,561.6687214344828,5.545479613793104,7213.40751188493,4873.726891928592,747.333416937931,,,19.596815504371005,9393.377964137931,,
2002-03-31,,505.04384493399016,6.838908579310345,6397.449503066474,4152.216401010216,671.914389564532,,,18.475432820440176,10004.038425221675,,
2002-04-30,,777.9361330285714,39.39710893714286,9937.669809932564,9791.128844145589,1094.2918979657143,,,40.69796216944901,14961.212845714284,,
2002-05-31,,1100.1715755428572,13.42039721142857,13224.495584800441,18667.019818404813,1667.7749338971428,,,60.69520827109905,16047.56925257143,,
2002-06-30,,1417.0681839085714,7.298436651428571,13648.205837051722,12595.995171021697,1906.2048957942857,,,57.66100940587891,16182.659149714285,,
2002-07-31,,931.643349536842,12.278998752631578,9685.524730550382,11002.30280765656,1478.0766341368421,,,36.28310795947611,24377.12842736842,,
2002-08-31,,418.16695528421053,6.4087836631578945,4755.894870425136,5552.491155288527,701.9852528842105,,,17.911188769593842,11814.341456842105,,
2002-09-30,,234.66197092330825,2.054611163909774,1899.530966990792,3107.953166586783,361.845683837594,,,5.724920585991578,2182.431258947369,,
2002-10-31,,384.37673718857144,3.5657360228571426,2635.8442650964153,3383.235703515004,532.44643248,,,6.662663932762238,3545.012550857143,,
2002-11-30,,496.48280639999996,3.5452162285714284,3698.576711870531,4915.706050179723,652.6987974857143,,,14.945915727834638,3635.1892800000005,,
2002-12-31,,406.0932946285714,2.2457170285714283,3357.0041275980902,3533.9008958414247,494.8577252571429,,,9.209807906606574,3357.1781485714287,,
2003-01-31,,575.0400215999999,3.734384914285714,4939.797782016556,2652.781688111643,644.8082448,,,4.0372613445154855,6770.344114285715,,
2003-02-28,,445.6323864,2.0410549714285713,3836.912012419396,2321.783605370683,525.5322366857142,,,7.216768608785911,3569.9588228571433,,
2003-03-31,,529.4747828571428,1.3001271428571428,4311.260127869647,2598.886750510941,619.3713985714285,,,7.169781797439629,3761.3738571428576,,
2003-04-30,,847.8025611428571,2.5077599999999998,6590.527734791981,5698.020753267429,1011.0842742857143,,,26.73468155122016,11484.0504,,
2003-05-31,,1371.9246171428572,8.173594285714286,12270.06336275782,14773.601270870073,1749.1325142857143,,,46.88741256346989,27617.83714285714,,
2003-06-30,,888.7378011428572,3.055844571428571,6859.222842931105,9683.243276306413,1205.2923737142858,,,34.43157318565013,16673.842285714287,,
2003-07-31,,641.0414959120878,4.067137582417582,5651.808801691374,6148.367877636269,880.5709946373626,,,22.04827772298963,9720.22501978022,,
2003-08-31,,438.37793999999997,1.82628,4365.886493020541,6267.57687763553,672.4276457142856,,,19.79873804080112,8188.220571428572,,
2003-09-30,,292.8007509677419,1.46664,2726.5201121978844,4692.9152915909635,463.1754989861751,,,10.531333097709076,5508.586285714286,,
2003-10-31,,427.66076903225803,4.378217142857142,4962.804093490793,5163.166674218745,570.0620438709677,,,12.178308522854248,7864.292571428571,,
2003-11-30,,535.1780105469845,3.915504,4846.072123086904,4719.107729391552,630.8800778120617,,,14.126786925407316,5178.821947826087,,
2003-12-31,,752.4313982608695,3.7503234782608694,4668.789162590334,6450.235496670912,868.3419756521739,,,21.793562915512737,8443.70107826087,,
2004-01-31,,718.3898608695653,11.757136695652173,5049.514274723555,4160.246871208565,889.0960382608696,,,17.981495799636388,8082.3816626086955,,
2004-02-29,,603.4924285714286,9.508011428571429,3771.0692507142257,3442.8153538938936,761.1654857142856,,,16.48836,3301.242171428571,,
2004-03-31,,476.9909914285714,4.459568571428571,3800.0851463254785,3870.253563031433,654.8045142857143,,,10.28628,2813.3248285714285,,
2004-04-30,,798.5176079999999,15.305288,6736.547991557797,8487.159425661535,1224.7718399999999,,,31.243631999999998,13933.57024,,
2004-05-31,,736.096788,21.115944,9926.826152646632,15645.707679270268,1435.4922599999998,,,48.842892,28593.594,,
2004-06-30,,430.8411796363636,4.129330909090909,3690.832985459792,5091.3673202986665,722.6313381818181,,,12.595509818181817,5966.330792727273,,
2004-07-31,,643.8552685714285,6.167231999999999,4115.951840929536,5351.647016189155,963.5982171428572,,,15.299712,10659.920914285714,,
2004-08-31,,367.3314514285714,3.850662857142857,2761.6160074255,3800.205113932702,589.5411428571429,,,10.492662857142856,4946.184,,
2004-09-30,,593.8786542857142,8.899894285714286,5452.803232758735,8321.90326692498,1003.3686,,,19.48813714285714,9503.274857142856,,
2004-10-31,,749.4048102857142,13.310629714285714,8770.020848720169,10752.637752490347,1290.0201942857143,,,31.599565714285713,16317.701485714286,,
2004-11-30,,751.1794971428571,20.715017142857143,7085.180229076368,6101.025202843589,1131.7443428571428,,,40.9752,20852.825142857142,,
2004-12-31,,1256.084897142857,51.69691542857143,7453.633656628427,7239.236944315518,1571.32926,,,88.51419257142857,50389.3224,,
2005-01-31,,991.849104,61.140096,7521.120176899761,6341.27077653215,1275.0634285714284,,,103.46085257142856,76198.60542857143,,
2005-02-28,,440.72774748822854,7.318465717371429,4315.4478618754965,3950.1784700805842,623.2281686897143,,,12.5178377184,6881.938717998857,,
2005-03-31,,343.44370285714285,3.056785714285714,3355.3155159545195,3092.710498955337,466.50252857142857,,,7.263154285714285,2672.8449428571425,,
2005-04-30,,425.57575885714283,4.172472,4396.321331534153,5079.197942154362,616.68864,,,13.318066285714286,6346.109314285714,,
2005-05-31,,693.6193324051948,9.459349714285715,7622.710683898852,10414.53091386114,1100.6846985974025,,,26.70330857142857,13876.004255376623,,
2005-06-30,,918.9599825454545,16.65373464935065,8903.236465900578,10348.686066946739,1489.5288748051948,,,45.112278857142854,15902.069572987013,,
2005-07-31,,521.0800662857142,10.471618285714285,5689.4377877405905,8252.21765622903,962.3466514285714,,,26.04583542857143,10824.037714285714,,
2005-08-31,,426.3235971428571,4.5332228571428566,4965.2004161625255,7805.6700576703615,749.6214428571428,,,16.98523714285714,9263.3166,,
2005-09-30,,380.0736,3.0715199999999996,3747.2479547884973,5744.6033089103485,584.1257142857143,,,11.526685714285714,3944.801828571429,,
2005-10-31,,472.938264,7.082794285714286,4321.344817532545,5155.832139238062,670.7424857142856,,,18.998619428571427,8413.143531428572,,
2005-11-30,,1243.4443457142856,31.273945714285713,12607.281417151986,14466.448423163916,1628.1991285714284,,,65.29541142857143,34994.85505714286,,
2005-12-31,,690.7116548571428,9.61965257142857,6568.863129256089,8693.40347380257,911.2635771428571,,,20.89386514285714,6721.57872,,
2006-01-31,,522.8581878620689,4.168584,4345.100941391817,4977.697117032508,664.3059889655173,,,9.306188689655173,2161.645175172414,,
2006-02-28,,398.98203310344826,3.0974399999999997,3621.8245673999586,3651.373524094514,532.1342482758621,,,6.223034482758621,1398.1283586206898,,
2006-03-31,,423.399568,6.157151999999999,3585.0669574151007,3228.0107528948056,566.48136,,,11.19072,6023.53616,,
2006-04-30,,755.9792,18.09648,5803.420327633984,5660.294579208933,1041.3147999999999,,,32.13424,20871.0884,,
2006-05-31,,1989.053677142857,44.613257142857144,17236.803075856835,20451.06294745652,3126.800217142857,,,91.443208,50533.73514285714,,
2006-06-30,,589.6195817142857,7.320888,6367.556840091242,7635.591181097724,1063.5968057142857,,,23.92389154285714,10942.460331428572,,
2006-07-31,,308.61672685714285,3.314427428571429,2734.5655511637738,3301.8959139892518,538.7885485714286,,,10.470272914285713,3503.000365714286,,
2006-08-31,,353.3403291428571,5.305145142857143,3506.7629118559785,5311.004823891571,709.3801028571428,,,16.540638171428572,6655.156868571428,,
2006-09-30,,541.4308457142856,12.814817142857143,4618.251509231066,6038.419568593238,1002.2089885714286,,,27.57323314285714,13528.526502857145,,
2006-10-31,,1015.8766971428571,27.66944571428571,8085.714596975219,9402.972598668559,1729.9157657142857,,,51.10038514285714,26510.04133714286,,
2006-11-30,,1197.6316961142857,41.55004697142857,13410.89153175384,15353.443321864932,1966.517645142857,,,73.62262491428571,40308.689725714285,,
2006-12-31,,1138.8432137142856,49.00756114285714,14225.357054159394,16322.887602061066,1896.6691542857143,,,80.08039542857142,43346.061668571434,,
2007-01-31,,769.0122411428571,20.599426285714284,8188.026683478471,8208.048387183724,1104.5889771428572,,,32.83196914285714,14621.15849142857,,
2007-02-28,,574.1289257142857,4.856451428571429,5117.168863788293,5660.935609525848,756.3305571428572,,,9.65034,3429.5700857142856,,
2007-03-31,,620.0742257142857,6.607426285714285,5519.412385001902,5535.875327323648,813.2097428571428,,,12.217409142857141,5772.9354,,
2007-04-30,,700.8278799999999,13.331359999999998,6840.514851189649,7390.874939003058,922.5347999999999,,,21.39312,11134.9788,,
2007-05-31,,876.1046719999999,13.161568,9605.238058543213,14003.021473004952,1326.52476,,,32.494344,14002.494480000001,,
2007-06-30,,1013.4693687272727,14.83863335064935,8359.968207572112,10029.57516734522,1502.419376103896,,,37.64646888311688,13631.213351688311,,
2007-07-31,,1262.2581,37.68984,10809.02112833836,12416.492100095951,1851.3618428571428,,,69.08065714285713,32566.104771428574,,
2007-08-31,,700.7587714285714,7.176754285714286,6736.739726716329,9564.138597820896,1051.1956285714284,,,19.11013714285714,6666.764400000001,,
2007-09-30,,287.136144,2.3340959999999997,3181.258980495173,3738.014858870939,464.66136,,,6.940512,1806.1574400000002,,
2007-10-31,,437.77429714285716,4.967074285714285,4109.700013313878,5093.548044753816,648.4921714285714,,,11.267331428571428,3795.315942857143,,
2007-11-30,,518.5329579831932,11.135834621848739,4424.630635830537,4881.458461685207,726.8724,,,19.25483899159664,8893.943213445378,,
2007-12-31,,700.4031553752535,19.79918215010142,6136.265962567788,6763.966925070691,964.0340689655171,,,31.15054734279919,16069.83498255578,,
2008-01-31,,839.4936159369457,22.67467810049261,8098.942706645704,7276.072716514892,1162.772170403941,,,35.21907452216749,18538.48580098522,,
2008-02-29,,833.0987931428571,34.737243428571425,6825.0903040992625,5354.438231231651,1051.9777028571427,,,51.585119999999996,36848.828571428574,,
2008-03-31,,977.6899954285714,72.051552,8171.588767932094,6000.164972195296,1229.298582857143,,,106.81357371428571,96031.05428571429,,
2008-04-30,,711.6126788571429,39.66093257142857,9324.451691981269,8237.928907661755,1116.0554914285713,,,61.59955885714285,47328.70114285714,,
2008-05-31,,1411.0659378701298,55.56495646753246,19877.558279845616,28538.15493450692,2324.696661818182,,,95.21962784415584,77459.18437402598,,
2008-06-30,,1038.4329796363636,11.563442181818182,10341.581359631886,13254.37936671138,1546.2135163636362,,,31.867893818181816,16168.161600000001,,
2008-07-31,,560.226606077922,5.205940690909091,5609.9764956442605,6554.124728071819,930.8071449350649,,,17.12386425974026,7818.578467012987,,
2008-08-31,,544.5811594285714,8.181486,5841.525721434962,7869.910971204339,993.477497142857,,,24.44365542857143,9186.572108571429,,
2008-09-30,,500.60022685714284,11.11815257142857,4482.348325857083,4896.002300674166,825.1463057142856,,,25.401090857142854,8904.11292,,
2008-10-31,,789.3115962352941,31.374660705882352,6392.202228706475,5947.584776163385,1199.6571388235293,,,64.68229270588235,26816.817769411762,,
2008-11-30,,666.7719877971601,36.9870320811359,7853.006206788517,7731.579558195515,1038.8215672210952,,,80.31981994320486,36996.00544843813,,
2008-12-31,,684.910686502463,11.51987054187192,7796.595464556757,8889.90292245948,987.0090153694581,,,28.78076890640394,9756.880159211823,,
2009-01-31,,462.56820891428566,4.1491656,4319.425250840668,3878.4006373973375,643.00338,,,8.727254742857141,3139.6108525714285,,
2009-02-28,,377.2815408,3.1892646857142855,3700.4383326229554,3360.1874081873775,517.2298971428571,,,7.077264685714285,1504.9995017142858,,
2009-03-31,,402.4934434285714,5.667176571428572,3673.277170178311,3061.9931061938305,497.3057485714286,,,11.377707428571428,7301.749628571429,,
2009-04-30,,831.4996217142857,23.756297142857143,9430.839507447716,10186.840187502254,1282.3403142857142,,,46.600488,37265.529599999994,,
2009-05-31,,717.7078285714285,19.959531428571427,12067.799644665143,16162.003555122405,1425.724457142857,,,43.146788571428566,21301.208914285715,,
2009-06-30,,405.74620987012986,6.1064181818181815,5803.134087402636,7046.391544523905,761.3138805194804,,,22.258407272727272,6087.893096103896,,
2009-07-31,,653.7597325714286,12.575149714285713,8479.586538827776,10029.62092399193,1177.5351085714285,,,36.59188114285714,15681.140845714286,,
2009-08-31,,864.7515133714286,21.24942582857143,11950.615196369126,14115.543092948985,1649.566974857143,,,49.4779968,18682.935613714286,,
2009-09-30,,727.9276772571428,21.377328685714282,9438.743213454374,12105.398691802046,1371.2375365714286,,,44.804284457142856,17806.814094857145,,
2009-10-31,,433.9079428114286,3.26271456,4871.805211500417,5719.109379833789,681.7844334857142,,,13.075381645714286,4212.023568685715,,
2009-11-30,,605.9564794285714,13.27661897142857,6764.516209391727,7611.03259445747,1003.6579782857143,,,27.75596297142857,12791.845666285715,,
2009-12-31,,639.7012583999999,19.654074514285714,7942.145491467553,8939.895422325384,1150.3457999999998,,,37.83068434285714,18334.444546285715,,
2010-01-31,,589.62503664,3.5485597028571427,5457.7184405015705,5707.915503314452,803.8097331428571,,,8.042680388571428,1944.4446822857142,,
2010-02-28,,396.8299320685714,2.6671470171428573,3726.07988318857,3415.2489428021654,566.57772,,,5.612436617142857,1191.8946034285714,,
2010-03-31,,427.52614883940885,5.521375933004926,3565.566462560523,2972.7265492237434,579.8748518423645,,,11.34879971231527,5270.910612295565,,
2010-04-30,,795.8915939829615,18.26941915131846,6316.594455314437,6230.705324356692,1102.1927653387422,,,36.03767010791075,20423.832015578093,,
2010-05-31,,759.4078633411764,27.922458917647056,11136.896828785566,12680.503774638479,1410.0054437647057,,,47.22304150588235,35050.99986635294,,
2010-06-30,,842.9088618096256,13.29408444430863,8945.459888430829,10061.079027238717,1337.87500286631,,,33.322443758594346,17738.81528485256,,
2010-07-31,,707.0419267442016,8.259242024873949,7595.963324609519,7919.353255669154,1048.3047793210083,,,27.144610802016807,13543.499158910925,,
2010-08-31,,782.2903893942857,14.972828708571429,9003.218931747264,9634.816969352092,1204.3725901714286,,,37.75359826285714,16697.440298057143,,
2010-09-30,,722.9669626285714,18.146342057142856,9538.866460378993,10573.141760422488,1197.757337142857,,,37.69644651428571,14934.423692571429,,
2010-10-31,,938.5635949714285,26.112659657142856,12138.555022070783,14318.464935760168,1573.4328685714286,,,47.22310491428571,22083.7752,,
2010-11-30,,559.4770063542857,9.013863908571428,5728.9499406904715,6934.586685289536,856.4549965714285,,,21.534275519999998,9119.111389714288,,
2010-12-31,,444.5354304,3.7539997714285716,4275.926646871894,5417.303752202894,646.0793897142858,,,9.374801142857143,2307.6376662857147,,
2011-01-31,,407.51654996571426,2.6766139885714284,3566.921173692977,3284.472332293175,591.5780351999999,,,5.650387817142857,1001.9265222857143,,
2011-02-28,,307.71504041142856,2.4002031085714286,2640.9660450892984,2218.5346620711557,430.79808959999997,,,4.733839337142856,995.3918434285715,,
2011-03-31,,320.38275291428573,7.563462171428571,2974.5381902757226,1971.0451342818883,438.75904114285714,,,14.090179885714285,7777.875188571429,,
2011-04-30,,1041.547719497143,43.06975076571428,11148.856270743523,10986.603419890947,1641.7000512,,,83.5089696,45610.51877485715,,
2011-05-31,,528.5115376457143,10.00358345142857,6832.196668161719,10301.7020880967,1059.9394971428571,,,34.57810093714286,9825.495277714286,,
2011-06-30,,1270.35643464,57.8395176,15606.275602690113,17442.928426066963,2341.6401372,,,93.20015615999999,78618.4152,,
2011-07-31,,1238.6127805714284,15.027403885714286,10462.576967395613,11786.695148667224,1890.4233908571427,,,47.00248868571428,22202.081115428573,,
2011-08-31,,1055.585048502857,54.58932946285714,14365.57264138108,19636.031585091587,2012.3865504,,,99.01073170285714,57925.18349897143,,
2011-09-30,,1459.0854901028572,123.54970916571428,22021.60681536997,28502.237035177313,2870.44668,,,218.9198978742857,131761.70116662857,,
2011-10-31,,636.4510288457143,10.780013622857142,7981.411252179374,9875.058999668654,1111.0898304,,,26.14203730285714,10553.557503085714,,
2011-11-30,,702.2569826057143,24.996841302857142,8345.03519834333,8445.263262661296,1069.8850470857142,,,39.64881620571428,28386.834794742856,,
2011-12-31,,764.2688039999999,37.28902114285714,8581.10321784495,6941.800527556019,1098.0995965714285,,,57.04312834285714,48016.510714285716,,
2012-01-31,,642.2587200851657,11.123247713965714,5912.06464105663,5161.7853375676905,922.213948826057,,,21.997507369165714,12553.432887600002,,
2012-02-29,,510.37336008,5.2540705728,5085.710781577775,4801.93674348306,720.9661692239999,,,6.3724079592,2604.84607512,,
2012-03-31,,538.5169603265143,7.507704143108572,5759.230706374178,5174.513795378185,1072.3356272293713,,,13.37244427152,5126.366535955201,,
2012-04-30,,591.2876316278857,9.109487468251428,7046.160687351705,7773.7270017383225,1609.606804003657,,,22.895939593691427,8420.310420156344,,
2012-05-31,,847.34962625984,22.50345422464,10505.849403327693,13365.489577666473,1456.4377698127998,,,47.81175853616,26258.021394237603,,
2012-06-30,,714.06063944928,13.71880645632,9250.542991009168,10873.178579875424,1265.6164847184,,,47.94551053344,14251.460206291202,,
2012-07-31,,1160.1364240783541,25.61206781910857,12268.730811242855,14718.625005645728,1961.5045423247998,,,56.19374274116571,26069.559541566174,,
2012-08-31,,918.3198745234286,28.12846502406857,12324.99060155766,15498.79181688326,1760.7150898271998,,,58.31196135881142,30982.651723374172,,
2012-09-30,,477.90092565874284,11.33015628384,7159.489714711848,8322.963410850432,1022.4285268752,,,23.70429273229714,9133.2157607136,,
2012-10-31,,597.8806884370285,28.715027879314285,9158.843726835903,8997.19833439044,1185.0456068022856,,,49.481178171428574,24377.375634788572,,
2012-11-30,,755.20309441248,37.31597466644571,11842.74778784854,13541.978986033788,1402.9214378070858,,,66.61643297780572,33216.95573515543,,
2012-12-31,,528.33883624416,11.45073140454857,7028.8377370777935,8042.810602418793,878.9787282147428,,,22.153606314582856,5352.792923921143,,
2013-01-31,,560.8026689430857,7.136542201371428,6116.4256253371495,5518.861288806365,787.6612683051428,,,13.852417095771427,3195.380667888,,
2013-02-28,,437.8147199901257,3.5064594069942854,4636.345112308946,3785.6507950089444,587.4103901828571,,,9.270830633965714,1872.4541858084574,,
2013-03-31,,357.8569985647543,4.590578644251428,3257.8043319442872,2832.163756242451,481.903144416,,,10.97405216310857,2878.9721246221716,,
2013-04-30,,538.7433285456,19.10701391862857,5040.76152688793,5430.999248793674,775.7402982582856,,,33.01947634217143,18089.801704224,,
2013-05-31,,1473.9632017556632,89.48155710627117,17739.12988203939,20320.28791299193,2368.976128196634,,,136.0402703585392,86381.1872506108,,
2013-06-30,,1542.2961982505142,46.35206481270857,15035.752696217416,16709.726165929333,2384.3976837078853,,,77.74128562916572,50686.52403511132,,
2013-07-31,,797.3808084863999,12.838294828799999,7435.388673175899,7700.953097325234,1252.476318384,,,26.826161500799998,13220.693559936,,
2013-08-31,,517.2270744165517,7.762121480797878,5321.200327858975,7498.6428236283555,906.1454525198513,,,20.90709685501114,8917.974104465316,,
2013-09-30,,314.9452226378057,3.6772024125995606,3354.427842045918,4970.834078756334,580.888853386655,,,12.76274366632088,3806.8038050998157,,
2013-10-31,,440.21870546976,10.839663094422855,4373.321272433819,5063.818339258717,699.3268161870858,,,20.35556947542857,10647.13124772617,,
2013-11-30,,669.1218489499886,22.714405234765714,7151.142230566839,7568.236170701797,979.9548690785142,,,40.84705646331429,24674.615857213714,,
2013-12-31,,640.9620055361828,23.126797426834283,7276.734497571297,7988.122830146011,942.2149937060572,,,40.829676578742855,26345.401209380572,,
2014-01-31,,885.2612689974857,49.31096634514285,9998.577501528142,8406.746866741434,1357.0580502514285,,,70.33206632502856,45459.89366317714,,
2014-02-28,,817.6896211791085,31.99259113220571,7868.307471872426,6831.664326249364,1232.1178724118856,,,40.61148668557714,27595.346666502857,,
2014-03-31,,1041.2980994859429,42.374332057371426,11005.738997767903,10129.849809217558,1558.4856258034285,,,55.73852842628571,37557.93016431772,,
2014-04-30,,601.9251919128,11.856175119771429,8198.711507922799,9220.310271641627,990.3302162228572,,,16.663104219085714,10068.426173252572,,
2014-05-31,,1037.7496237779117,36.412819077095065,12983.062671964743,19503.35898512009,1758.744481853735,,,57.20207788313766,35465.1874359077,,
2014-06-30,,963.7026089330769,38.598182773366155,10774.544278435078,14041.88245048832,1626.5515697759076,,,67.90823762649231,24049.016045688182,,
2014-07-31,,437.0487366785143,5.743162932685714,5551.50578639685,6443.404318956001,822.756385368,,,17.492823414514284,7018.886862,,
2014-08-31,,344.94893401642594,3.8823937354285714,4840.914585579283,6453.214105931531,718.2063783098181,,,15.22096578748052,4059.146036186182,,
2014-09-30,,247.05727480669088,2.8597211136,3548.9697267811143,5091.127842752535,500.2301658763636,,,8.652366054981819,2239.4187624436363,,
2014-10-31,,635.4050412453943,22.43612171437714,8317.711337744271,13246.690607510573,1135.3657468443428,,,38.299370985051425,20726.888565262627,,
2014-11-30,,965.2278270939428,51.182726478171425,13113.591740598422,16230.892151315358,1654.6840925554284,,,80.18541464091429,48049.722203698286,,
2014-12-31,,714.1755067858286,30.029653602514284,8137.189768676596,9172.107115492467,1128.0228426925714,,,48.80143918697143,26470.991324129147,,
2015-01-31,,554.9231285983543,7.7546350178742856,5982.838774234884,5354.077957070319,834.0504658518856,,,11.229514618834285,4532.905567374172,,
2015-02-28,,557.7275405803886,11.443834806582856,6139.895748194387,5084.6020163284065,838.8744830629714,,,15.928455302537142,9198.440168301257,,
2015-03-31,,718.726679172,21.919416859542856,8167.001044636595,6158.119214940977,1063.7404610965714,,,29.879906251885714,21037.23896929714,,
2015-04-30,,567.9017682541714,9.636371088685713,7196.996777143269,7007.9052433684565,908.6691453222857,,,18.027501467657142,10238.775647266286,,
2015-05-31,,1102.7568442182858,17.191678639542857,11800.345531139932,13636.681258365017,1775.8192144765715,,,32.83275439611428,17755.66745027657,,
2015-06-30,,903.7179444504624,16.827682902264936,9816.547457078352,11183.326403088078,1571.37507093787,,,37.207307661335065,19074.32414648509,,
2015-07-31,,713.0506773012678,14.015715412528746,9012.917247827052,10348.17556178912,1279.9012312499262,,,31.194517332984763,15284.986153316402,,
2015-08-31,,682.9042518321637,23.261437865745172,7957.715913964612,8525.036011042046,1207.6991813355985,,,40.06289280943321,24960.861591652632,,
2015-09-30,,980.7310054995428,48.6231677928,12012.389371134312,16547.770197985654,1883.5562984605713,,,75.95931973988571,45890.87979040457,,
2015-10-31,,541.3252443584914,21.19150682393143,6707.78865764278,6752.00973665849,1004.3207913651428,,,45.26161718585143,22692.865722745373,,
2015-11-30,,782.5986974596113,49.14843072809143,7484.432180717788,6229.995575693233,1151.9759906331428,,,83.07638391353143,50253.108652158175,,
2015-12-31,,709.5025810594285,32.006354255999995,7948.5566254430405,7830.21911747158,1109.5683523971427,,,55.58618503028571,35141.578251788575,,
2016-01-31,,805.3188352309713,37.09021894525714,7729.529364458401,6036.941902555984,1223.054113098857,,,61.22895154937143,65679.59262229715,,
2016-02-29,,885.814464028,55.4713751816,7424.28210299904,5275.1094744080365,1286.8675865199998,,,84.2988383096,112475.617948488,,
2016-03-31,,476.0993922968,14.8757131504,5307.71048078736,4008.9463690809725,699.5367983,,,20.7665304448,16997.892267479998,,
2016-04-30,,814.7426175339428,39.323245280914286,8941.062134431955,8118.226223916758,1228.31775756,,,52.71643556434285,40901.502966109714,,
2016-05-31,,852.8030638492114,26.328114489394284,11801.001532349912,13793.402265752527,1608.1978919502856,,,52.26770615348571,25353.848577301716,,
2016-06-30,,657.0192326765538,11.164211497107692,8476.385289509908,9421.440518902285,1205.6282254523076,,,28.205412820615383,12549.407005932924,,
2016-07-31,,545.5413403690378,10.580417419329729,5434.998742070505,5580.386035953514,879.743251260973,,,17.27329984268108,7143.653212711784,,
2016-08-31,,490.269900358074,18.01675972392848,5224.193046072953,6402.158651227865,844.7306720371558,,,17.69471883548607,7769.529275925554,,
2016-09-30,,373.913090328543,4.7632712080072395,4308.984833998598,6187.387651802503,670.8546749445068,,,11.096399336253393,3714.1429916518377,,
2016-10-31,,328.6849232801344,2.859034053357983,3471.0148651795207,4977.65293407919,570.2491028144874,,,8.159850022386554,2772.3646419071597,,
2016-11-30,,501.5760297778286,4.866722768571428,4512.653970196115,5800.193720708904,764.4144965708572,,,10.955386542857141,4820.476812942858,,
2016-12-31,,652.7637947954571,8.291178115714285,5910.543766618046,6375.612332530165,900.6852767284286,,,14.745428755714284,7328.068078062857,,
2017-01-31,,605.3786054435739,9.892199801269564,5942.786106078376,5084.055944676195,809.2033441876956,,,16.473204861026087,8824.041761021217,,
2017-02-28,,414.9654926392487,3.7959684658434782,3802.628820171619,3515.765808080705,565.7364062480348,4.651761693106848,,8.172932102671304,3657.641629499061,11549.800843817788,119742.84935442268
2017-03-31,,514.89063043488,8.454577730399999,4257.821210546016,3475.706079912775,713.0736791208,5.375353796383561,,16.86079030896,9730.8317526768,14337.386227185652,142085.28641711813
2017-04-30,,644.6124886906924,12.045020269903448,5411.073478385228,5792.381541636374,888.6170654793931,6.281280923218894,,21.39997007291586,11635.060547678897,20523.241746575346,207272.14933457103
2017-05-31,,853.8659090514846,18.245632090468966,9076.92321190369,11849.384152467412,1401.0294372776802,10.602912612481504,,34.01144828849906,15044.453666584477,46585.476095714635,478154.4346969003
2017-06-30,,965.0180857337999,26.5812036174,11015.732028369961,13041.217651448604,1626.58224801,9.9226422468,,31.958626986,18168.719710032,48491.12751485388,509117.6230282727
2017-07-31,,448.6821219162514,9.903087591222857,5250.848665191553,5695.890870576692,789.7927129138286,5.6884625568,,18.49980364992,6478.578230778515,18032.351693708897,198454.725739184
2017-08-31,,631.07231229504,13.50482272704,7508.604107339136,10227.79546671788,1145.6420771232,7.9240462272,,31.82666423616,7902.6866141184,34715.22263926259,370651.25535751285
2017-09-30,,784.793556422069,10.335511947365518,8017.241748857048,11086.14504072985,1041.569225941,8.345045636193104,,27.255837041765517,13007.201548636693,49541.27912362582,504312.21136095707
2017-10-31,,995.2960327575961,19.742018034367685,9026.95988832676,12175.538805564516,1205.76408354,10.59456833274325,,37.56106107784197,21924.868328119046,51010.87526413314,496122.0284354024
2017-11-30,,590.9044720381714,21.982047685714285,7078.5468482389715,8629.933464308493,986.5588355138572,8.864538723771428,,31.045456859657143,22703.711411509714,38613.73883303577,363032.0502675654
2017-12-31,,595.1776427321142,23.823796033234284,6974.958885185047,8026.311082953842,1030.5035594969142,8.271060793302857,,25.419973822765712,24446.2763600496,36061.398186993014,337059.60055662156
2018-01-31,,657.7231062157714,10.780756503222856,6433.428277933057,6240.485085870668,998.5171251373714,6.767786158354285,,14.332463575405715,6896.289468120686,26666.268755213714,257844.86677096537
2018-02-28,,502.6107487906285,7.450413449142857,4716.844143555291,4450.703841212629,734.1242687177142,5.5219570621714285,,9.0793354464,4123.496149693714,17569.356869092066,174554.32629282784
2018-03-31,,484.02128896319994,6.6447390912,3899.34036671232,3369.9689197198804,637.780806528,5.410286736,,15.0614115168,3929.541477696,13079.277409478353,131757.35811607676
2018-04-30,,1022.0091806729142,21.836261190857144,7488.834061691796,8385.754822333833,1309.0066875771429,12.745804334742857,,48.472684728685714,17475.002534489144,34119.81113177822,333346.42249136564
2018-05-31,,1077.6044104035427,67.88970427371429,19890.141861893968,28159.88943020831,2165.928373213714,24.641680093714285,,113.2008039966857,63839.42386367657,106089.87309823313,1045059.801498615
2018-06-30,,459.82994668226087,10.59009364507826,5228.0678447623095,6885.782836959522,726.2084803836522,4.6920687258782605,,14.74473236347826,6629.2358304041745,15384.131134788217,184496.0428940564
2018-07-31,,182.48295791226727,2.535004957444394,2117.4546117651803,2105.786328262861,304.4937624918261,2.3906801601391305,,6.810165949444394,2161.794109116192,5298.225615313994,70585.19458098669
2018-08-31,,333.7722248197534,5.150584550544361,3638.1941601958024,5074.398205773195,567.98352576,3.5606657746285717,,12.610752695458645,5600.809035801744,8979.90312027263,121115.42121989983
2018-09-30,,472.0965273421714,8.082109398857142,4215.34433856055,6447.039371899554,658.2494431542857,3.2608826207999995,,14.016707893028572,4580.945601901714,14713.320855497059,172389.46599873455
2018-10-31,,758.9792598432,9.7290700848,5026.17414436368,7953.945625946243,934.746158544,5.283322070400001,,15.739023616799999,4379.11052172,18659.44268390393,207970.705945522
2018-11-30,,1571.7746345951998,14.966764648,7091.7823021553595,10945.060262852841,1888.803606256,9.873407046399999,,25.271559330400002,12005.046308808001,28898.964073196694,304606.65870111657
2018-12-31,,1332.4996476238628,15.964622584319999,5872.522915267748,7191.501022473436,1550.4060890331427,9.383552999862857,,24.41537278381714,11937.208385038628,27551.722826999514,277323.3265088146
2019-01-31,,553.2664184134368,2.8467177753599997,4678.0546501726585,4658.683590341815,640.5265499827389,4.239291755009261,,7.5267289371617725,1646.000845642782,15187.689145161126,162029.47056561234
2019-02-28,,780.4078890315428,11.145558379885715,4898.251541147246,4746.89590677754,1075.6436136891427,5.55589044,,19.66270054834286,10061.672826054857,15239.925515470577,154933.31780970373
2019-03-31,,1133.6523652467426,19.318832520685714,5403.5450360627665,4647.489893005065,1571.5872745131428,9.499534063199999,,30.90851442754286,18053.184935166857,22451.334847256167,215952.64021478052
2019-04-30,,774.3571274369829,12.43507730358857,6356.250461966318,7478.831375154303,1060.0449634038857,9.406043481600001,,20.79149881536,12853.3658763456,32611.096610729626,325784.3114773982
2019-05-31,,972.7819173944227,28.433901535405713,12202.167757837413,17737.98815901816,1676.0474619449142,14.1710293584,,46.53317976294857,25580.32243933577,71648.27832046038,715326.0574671704
2019-06-30,,1606.6098035814855,21.158572525714284,14766.54969930048,15414.150068531555,2414.5746227794284,15.762381852342857,,135.3831928745143,40144.832011913146,76607.999513293,737077.0497419107
2019-07-31,,436.31484439474286,7.744509023657143,4404.597863616618,4333.05778370672,668.783976408,6.1940190826285715,,15.34302452982857,5864.8310274754285,18579.07196403978,203800.99312146645
2019-08-31,,656.1936845382857,17.057357487771426,4986.470798928618,6026.664365991273,961.7116291097142,10.196503448914285,,32.48529391337143,16991.092333728,24624.630701177048,256508.96563993365
2019-09-30,,1050.5908445517257,29.279704252525715,6832.2640486328655,10118.397852102504,1523.839383563657,18.78140394102857,,55.57648887730286,31524.93942691886,46099.39579848771,451655.18696700694
2019-10-31,,888.5797331673599,17.40902668416,8109.971840848897,10903.498989077008,1385.1290665152,12.803685984,,35.48479679424,17777.15407584,54698.130210666124,537733.9019780466
2019-11-30,,781.6303717609846,18.972431051372308,7775.963861143548,8599.094527185125,1144.0530605885538,13.623849542326154,,36.22481860430769,17179.398843450093,57045.03493632362,527095.7772936245
2019-12-31,,957.7031668624878,30.71494795078681,8880.921852010908,8993.254986536384,1329.2842823762637,15.31751001025055,,53.47489457195604,22094.592381551472,53631.45273890271,490034.57882963907
2020-01-31,,1018.1026345001143,53.45878548137143,9273.538941993053,7884.962470097578,1425.8623840251428,13.370964985028571,,83.19210956434284,35525.236917394286,39998.294329727236,389200.6909417597
2020-02-29,,814.7151778340572,68.57978045348571,9885.874303325625,7278.592912838165,1205.1250134171428,13.514010191999999,,84.70862831314285,56827.317844799996,39447.82792167215,372258.75229260063
2020-03-31,,692.2098092812545,22.587272433137542,7604.145560835777,6946.33130080023,1061.976287070299,10.711822954939535,,27.618489770280398,18995.892869188465,37107.894554290775,344807.49041804095
2020-04-30,,574.4131352724837,11.849810896967442,5970.19556340105,6915.525461497802,996.2894265175813,4.677444754604651,,16.56490768096744,8411.372422419348,26732.10880812584,265823.5910601684
2020-05-31,,501.2975760415428,8.244574919657143,6210.565285092435,8748.63709114821,921.504152984,5.299575353714285,,15.50009866982857,7616.873736142286,35290.28401412808,347107.83665624144
2020-06-30,,930.1236115119692,23.43364282356923,12043.250642384863,14638.397070310273,1338.1774290073847,12.517715476984616,,45.39037511316923,26257.25030347477,54708.85568916878,570297.3494315194
2020-07-31,,979.4214797357791,26.17074573169655,9856.489866459146,10486.371306347528,1374.0184565230345,11.117122703006896,,41.1504290774069,24466.309941406347,23289.960082313075,310941.04017248686
2020-08-31,,435.90700530372413,12.785285832973631,5766.852229774411,6533.781051051479,834.6927613935578,7.444551639840974,,23.5446566154645,12425.606331528048,21589.905410987787,235541.01243050283
2020-09-30,,305.35865858365713,4.174852446695798,2776.515618966583,3628.2927965687727,419.67047186319326,2.3730358339966386,,7.659100519563025,3674.1182860872605,8105.488548101798,98863.1811708476
2020-10-31,,1119.505304997257,38.32197394834285,9772.530100071224,13754.573459190977,1423.7355743382857,20.732249271085717,,57.066914046857136,28042.793509494863,47936.60970114231,454546.30441413797
2020-11-30,,1605.81089316528,69.62125444704,16825.691521664932,21688.934059350046,2175.5409513408,37.32854268815999,,102.7082017656,53123.32466817121,99513.39951737266,882491.3788683196
2020-12-31,,908.0931756057599,16.05570435648,9509.298075425664,11899.51810117138,1181.8071653952,,,33.15096959424,14407.805460672002,48816.75952164086,452568.2448476736
2021-01-31,,929.1203936783262,11.952813853439999,8972.217587690142,10556.280657493606,1222.730873565046,,,24.028748010683074,9415.220048387448,40504.23702108189,385942.63452057383
2021-02-28,38290.35482640375,554.1610164989538,6.31938672,5431.478266589538,4874.215114886356,791.3830495901537,,9.621014487507694,12.972422545476922,5874.689437942154,19701.827178371383,195569.89476628424
2021-03-31,44314.48895285784,642.6738500352,11.300196384,6087.6055774080005,4956.424329937271,848.79286944,,11.64001970112,21.4528280448,13087.539145152,21417.512530099135,208694.76801254397
2021-04-30,56852.56322118002,790.8635017992,16.4034866808,7333.442150576,7146.127200945602,941.621365816,,12.296492104639999,29.0776687496,19322.227371752,28053.003524563755,272958.48244359996
2021-05-31,120803.71706720148,1351.2888234953355,24.56498766793846,12429.507956429785,14923.417092859498,1678.5292038444306,,46.42762514717046,48.09126299692308,27218.768224575015,66061.3250583726,648811.4224102409
2021-06-30,60266.44655222817,820.6411219379605,18.63811780575824,9830.745641891868,11387.2915241417,1366.029498463121,,34.291913392135385,35.38881733442637,25764.81257963156,36973.15494973042,399701.29938196007
2021-07-31,28941.00708278184,472.13822641425884,9.728537314870588,5713.560234101647,5404.332654716737,754.773931829647,,13.572011990964706,23.536335269223528,9465.426731092237,20896.87280277508,233732.29350054488
2021-08-31,31756.724028582084,356.17043499039676,12.08696239070507,4383.32748920675,3994.519988783174,503.31992846137115,,10.543788240117808,25.27390192635456,8443.824536146856,12802.791072036984,152066.60700620624
2021-09-30,23706.788073542168,599.6813731898483,20.771600218262066,4437.198949979586,3873.2819244862076,775.8037845451034,,18.531474501947585,32.59644563387586,16551.628651173516,13417.07522424193,153414.40834434333
2021-10-31,101490.51010431176,2278.2623785215997,83.6299245216,15058.015119008001,14522.421703575183,2820.5917016959997,,65.34133459392,123.0402051968,71526.013032704,53345.14125801138,541006.7620957439
2021-11-30,92800.09354747964,879.1298945971199,20.476944608914287,9904.3145224704,12394.793762215257,1380.9226789851427,,20.894446755072,30.735520129645714,13536.64420187246,43931.15822982682,431160.928949972
2021-12-31,51697.743188963555,632.8416446923886,4.967548485942857,6118.8691087296,8193.376230123245,897.7482521526856,,9.635051789568,10.861651332205714,4152.221314527086,21903.289693098697,228210.1105795081
2022-01-31,28396.08338299635,537.0799250612572,10.8090575064,4630.6034854704,3901.085694966208,685.5571543721143,,15.372644964191998,19.732667705897143,10459.277268459427,13327.492345912126,138720.8918931164
2022-02-28,27713.32080194423,458.0797707936,22.448913152914287,4833.789272022857,3366.6043267262526,621.8113199451428,,30.856694996571424,39.17157599314286,25451.079430546284,14400.372458814127,138708.89760662944
2022-03-31,29547.69519177271,484.8022255587428,8.597688269142855,3989.9855006125713,3364.6396018255596,575.6553243668571,,9.577780181485714,14.205527699657141,9819.884962542857,14872.267306036752,148452.57153449894
2022-04-30,29370.25590949207,418.2705633682286,7.279910485714286,3704.3904884091426,3972.651469077329,490.04980850057143,,8.684516557028571,10.126667711314285,3632.5119942514284,16325.0134776123,163313.93943536087
2022-05-31,47807.02200278243,391.8497450029714,7.2433932665142855,4992.243878941715,6270.500629796488,522.7751655977142,,11.284372976914286,13.666352288914286,4701.231776447999,25337.693723784607,256896.78221092562
2022-06-30,46108.00004005099,617.8611589652571,9.46934007222857,6939.660197643429,7925.588237219067,774.8393141211429,,18.45169576457143,20.1703865904,11706.063032592001,22801.905084289265,269691.16773807106
2022-07-31,43873.3024287963,782.0079290578285,15.689251904914284,8139.659330838857,8720.610425395947,1208.1243964937144,,30.618788029714285,34.091744930742856,16233.162081942855,24116.36481962323,270457.4529428049
2022-08-31,44303.810003369494,465.8390773632,5.411082470399999,5026.656514752,5505.971198585759,599.387514048,,14.5135149408,15.981362352,5305.685912352,18052.59754391031,205058.6637534143
2022-09-30,24195.584336813943,296.7475244441143,5.265788704457142,3526.754314206857,4010.7164139654606,471.6933210102857,,6.463036387542857,12.625760119885715,9974.303810547428,14964.886208789427,162167.9833039556
2022-10-31,61581.7206048593,669.4412263095932,16.797040414184874,7223.187433352067,9549.637610835758,1243.5504037363362,,18.41147380812101,35.73301347892437,29432.826207115566,28379.301242098594,300256.1799354867
2022-11-30,103978.43068704264,1220.6427229570857,19.223347916504665,10713.830459038247,14708.936573336669,1999.8919507989613,,30.52247475507992,43.79808792039919,18379.62620173884,49332.05767319466,489788.25501517527
2022-12-31,50103.942333444655,729.8407345198344,17.818220711062068,6074.335290617379,7800.802940714894,936.5524012049655,,21.065759975724138,30.974317882041376,19251.577950263174,28325.557362634074,283570.37362611754
2023-01-31,42870.41067752964,820.2651454869942,27.316848264319997,6676.109146894629,6346.60902827759,1094.5430141165714,,32.30736644918857,46.926905133897144,24637.71546874423,29130.628282796544,288131.74018336285
2023-02-28,33024.660634462336,472.26708206886144,6.03537735744,4809.1148302889615,4124.213389564442,624.5713298057142,,8.294147509066404,13.338998275644531,4895.520390313678,19435.758851731785,192414.29921537306
2023-03-31,35968.83531953419,461.5729469085635,7.449563515062857,4851.675731153119,4038.968824844407,641.6104664777142,,9.908168320767368,15.503822187343447,7113.815637520647,16049.92361930842,162862.2106401143
2023-04-30,79587.20069782266,937.9570085115429,28.382175180617143,10186.9406788032,10305.06454161255,1407.9970166399999,,32.59730112907885,48.50891697106286,27253.078522839773,44148.995200047815,415942.935820383
2023-05-31,164862.6687393443,866.8118591629715,45.72232478742857,16417.095523272,20293.61247991821,1860.339998664,,56.69461287977143,90.39826934537143,39449.64250131429,104336.3382030385,944988.7322546907
2023-06-30,58831.19906080064,439.5820226269714,15.371123670514285,9583.980998262858,10900.85367059476,1130.7645793577142,,24.959228371234286,30.601686083382855,15592.484218580572,33989.16557112877,361827.6315052477
2023-07-31,52502.20899169818,539.9598220127999,22.41924638112,9797.958807004801,11232.606370217984,1380.8866596768,,33.126341939424,42.699379501728,32149.1695618656,31655.170201224802,356917.4726213835
2023-08-31,238908.79375600736,1752.045751526913,140.03304043062857,26324.128962272,34720.6029441872,3554.0107235405712,,94.08224448848,234.87495376770286,125197.60008872,144039.36150782648,1386009.1124306903
2023-09-30,154977.66145048433,1371.6735637429513,34.43942445222857,15992.961895080001,23783.29577362176,1844.3736650160001,,46.57591860228571,63.54277717371428,29545.766148317714,101191.70503410975,1002694.5989334903
2023-10-31,88458.04244237469,972.2336353875535,17.085890412,9998.271310050513,12610.926560398806,1340.850260853257,,25.93380467478857,34.008864184182855,12824.9083065312,60690.57665131448,606199.7806931309
2023-11-30,58656.774308312095,615.3942843882191,9.307420236799999,6084.720949813944,6783.398372182822,875.9260287149714,,14.459038413165713,20.47082328566857,7251.600386899201,31683.203663131906,318096.84020663105
2023-12-31,39928.16924815336,593.2603057684015,5.939658311437838,5260.401596400433,5688.1867745477375,704.9578958287567,,6.694926734045405,11.566435220947026,3528.447333125189,,
2024-01-31,30139.681182878398,530.1140975753891,9.170012928259458,5097.633761804108,4163.702183592511,691.2435073971892,,6.606877282871351,15.566835385556754,3068.2505669292977,,
2024-02-29,33689.577981496586,610.4359145230418,25.897211003551647,5722.4013777953405,4173.648321439399,840.1590369431208,,21.192968265737143,41.512498360631206,15719.523557938814,,
2024-03-31,68049.06013296894,1046.2436497387507,43.70633105000985,9602.7759002653,7386.605513882913,1460.8616626952512,,46.321573997509354,66.83994185852217,40060.197377402015,,
2024-04-30,106427.75888483477,1166.518592715359,36.33682632751643,12962.25713858765,13504.727999867579,1697.7630568898337,,41.11526622502296,58.055126787076674,34152.03829140667,,
2024-05-31,143311.4073951229,889.8330494998588,23.659919349882355,13972.461434881412,19073.79648555127,1469.5157783858822,,33.15835204792941,41.678303267477645,26756.51097677506,,
2024-06-30,63668.72850364735,1061.8311873378238,14.95336603008,10513.0763438616,11823.054890589718,1508.181472404,,28.510677968616,34.935168003072,11881.3192100712,,
2024-07-31,61109.31276749922,997.6138338628501,26.404654980811035,11105.267733611256,12811.7192659726,1527.9538295371035,,37.76638567618427,55.095023979568545,21226.331006561548,,
2024-08-31,,551.8969088911448,14.019006510124138,7865.190814086621,,958.4627408044138,,24.033065328993104,32.61606157638621,14997.905123129382,,
